constant,value,is default,team,world,bp
ARMOR_PER_LAYER,8,,"Pyre, Ash, Corr, Rime, Maul",open,3.47
ARMOR_PER_LAYER,8,,"Pyre, Ash, Corr, Rime, Maul",murk,2.15
ARMOR_PER_LAYER,8,,"Pyre, Ash, Corr, Rime, Maul",hive,5.31
ARMOR_PER_LAYER,8,,"Tarn, Vitre, Nettle, Maul, Rime",open,2.75
ARMOR_PER_LAYER,8,,"Tarn, Vitre, Nettle, Maul, Rime",murk,1.92
ARMOR_PER_LAYER,8,,"Tarn, Vitre, Nettle, Maul, Rime",hive,5.33
ARMOR_PER_LAYER,8,,"Cinder, Mote, Bosk, Pyre, Ash",open,2.15
ARMOR_PER_LAYER,8,,"Cinder, Mote, Bosk, Pyre, Ash",murk,1.74
ARMOR_PER_LAYER,8,,"Cinder, Mote, Bosk, Pyre, Ash",hive,2.91
ARMOR_PER_LAYER,8,,"Wex, Sump, Nettle, Bosk, Ferrule",open,1.02
ARMOR_PER_LAYER,8,,"Wex, Sump, Nettle, Bosk, Ferrule",murk,0.61
ARMOR_PER_LAYER,8,,"Wex, Sump, Nettle, Bosk, Ferrule",hive,0.95
ARMOR_PER_LAYER,11,,"Pyre, Ash, Corr, Rime, Maul",open,2.38
ARMOR_PER_LAYER,11,,"Pyre, Ash, Corr, Rime, Maul",murk,1.9
ARMOR_PER_LAYER,11,,"Pyre, Ash, Corr, Rime, Maul",hive,3.4
ARMOR_PER_LAYER,11,,"Tarn, Vitre, Nettle, Maul, Rime",open,2.15
ARMOR_PER_LAYER,11,,"Tarn, Vitre, Nettle, Maul, Rime",murk,1.58
ARMOR_PER_LAYER,11,,"Tarn, Vitre, Nettle, Maul, Rime",hive,4
ARMOR_PER_LAYER,11,,"Cinder, Mote, Bosk, Pyre, Ash",open,2.06
ARMOR_PER_LAYER,11,,"Cinder, Mote, Bosk, Pyre, Ash",murk,1.58
ARMOR_PER_LAYER,11,,"Cinder, Mote, Bosk, Pyre, Ash",hive,2.52
ARMOR_PER_LAYER,11,,"Wex, Sump, Nettle, Bosk, Ferrule",open,0.93
ARMOR_PER_LAYER,11,,"Wex, Sump, Nettle, Bosk, Ferrule",murk,0.56
ARMOR_PER_LAYER,11,,"Wex, Sump, Nettle, Bosk, Ferrule",hive,0.84
ARMOR_PER_LAYER,14,yes,"Pyre, Ash, Corr, Rime, Maul",open,2.24
ARMOR_PER_LAYER,14,yes,"Pyre, Ash, Corr, Rime, Maul",murk,1.78
ARMOR_PER_LAYER,14,yes,"Pyre, Ash, Corr, Rime, Maul",hive,3.53
ARMOR_PER_LAYER,14,yes,"Tarn, Vitre, Nettle, Maul, Rime",open,1.88
ARMOR_PER_LAYER,14,yes,"Tarn, Vitre, Nettle, Maul, Rime",murk,1.41
ARMOR_PER_LAYER,14,yes,"Tarn, Vitre, Nettle, Maul, Rime",hive,3.58
ARMOR_PER_LAYER,14,yes,"Cinder, Mote, Bosk, Pyre, Ash",open,1.9
ARMOR_PER_LAYER,14,yes,"Cinder, Mote, Bosk, Pyre, Ash",murk,1.55
ARMOR_PER_LAYER,14,yes,"Cinder, Mote, Bosk, Pyre, Ash",hive,2.29
ARMOR_PER_LAYER,14,yes,"Wex, Sump, Nettle, Bosk, Ferrule",open,0.93
ARMOR_PER_LAYER,14,yes,"Wex, Sump, Nettle, Bosk, Ferrule",murk,0.56
ARMOR_PER_LAYER,14,yes,"Wex, Sump, Nettle, Bosk, Ferrule",hive,0.84
ARMOR_PER_LAYER,18,,"Pyre, Ash, Corr, Rime, Maul",open,2.2
ARMOR_PER_LAYER,18,,"Pyre, Ash, Corr, Rime, Maul",murk,1.78
ARMOR_PER_LAYER,18,,"Pyre, Ash, Corr, Rime, Maul",hive,2.98
ARMOR_PER_LAYER,18,,"Tarn, Vitre, Nettle, Maul, Rime",open,1.74
ARMOR_PER_LAYER,18,,"Tarn, Vitre, Nettle, Maul, Rime",murk,1.25
ARMOR_PER_LAYER,18,,"Tarn, Vitre, Nettle, Maul, Rime",hive,2.06
ARMOR_PER_LAYER,18,,"Cinder, Mote, Bosk, Pyre, Ash",open,1.74
ARMOR_PER_LAYER,18,,"Cinder, Mote, Bosk, Pyre, Ash",murk,1.32
ARMOR_PER_LAYER,18,,"Cinder, Mote, Bosk, Pyre, Ash",hive,1.88
ARMOR_PER_LAYER,18,,"Wex, Sump, Nettle, Bosk, Ferrule",open,0.91
ARMOR_PER_LAYER,18,,"Wex, Sump, Nettle, Bosk, Ferrule",murk,0.52
ARMOR_PER_LAYER,18,,"Wex, Sump, Nettle, Bosk, Ferrule",hive,0.86
ARMOR_PER_LAYER,24,,"Pyre, Ash, Corr, Rime, Maul",open,1.9
ARMOR_PER_LAYER,24,,"Pyre, Ash, Corr, Rime, Maul",murk,1.55
ARMOR_PER_LAYER,24,,"Pyre, Ash, Corr, Rime, Maul",hive,2.84
ARMOR_PER_LAYER,24,,"Tarn, Vitre, Nettle, Maul, Rime",open,1.48
ARMOR_PER_LAYER,24,,"Tarn, Vitre, Nettle, Maul, Rime",murk,1.16
ARMOR_PER_LAYER,24,,"Tarn, Vitre, Nettle, Maul, Rime",hive,1.97
ARMOR_PER_LAYER,24,,"Cinder, Mote, Bosk, Pyre, Ash",open,1.58
ARMOR_PER_LAYER,24,,"Cinder, Mote, Bosk, Pyre, Ash",murk,1.23
ARMOR_PER_LAYER,24,,"Cinder, Mote, Bosk, Pyre, Ash",hive,1.62
ARMOR_PER_LAYER,24,,"Wex, Sump, Nettle, Bosk, Ferrule",open,0.77
ARMOR_PER_LAYER,24,,"Wex, Sump, Nettle, Bosk, Ferrule",murk,0.49
ARMOR_PER_LAYER,24,,"Wex, Sump, Nettle, Bosk, Ferrule",hive,0.72
ARMOR_MITIGATION,0.25,,"Pyre, Ash, Corr, Rime, Maul",open,2.15
ARMOR_MITIGATION,0.25,,"Pyre, Ash, Corr, Rime, Maul",murk,1.76
ARMOR_MITIGATION,0.25,,"Pyre, Ash, Corr, Rime, Maul",hive,3.56
ARMOR_MITIGATION,0.25,,"Tarn, Vitre, Nettle, Maul, Rime",open,1.74
ARMOR_MITIGATION,0.25,,"Tarn, Vitre, Nettle, Maul, Rime",murk,1.25
ARMOR_MITIGATION,0.25,,"Tarn, Vitre, Nettle, Maul, Rime",hive,3.58
ARMOR_MITIGATION,0.25,,"Cinder, Mote, Bosk, Pyre, Ash",open,1.9
ARMOR_MITIGATION,0.25,,"Cinder, Mote, Bosk, Pyre, Ash",murk,1.51
ARMOR_MITIGATION,0.25,,"Cinder, Mote, Bosk, Pyre, Ash",hive,2.24
ARMOR_MITIGATION,0.25,,"Wex, Sump, Nettle, Bosk, Ferrule",open,0.58
ARMOR_MITIGATION,0.25,,"Wex, Sump, Nettle, Bosk, Ferrule",murk,0.4
ARMOR_MITIGATION,0.25,,"Wex, Sump, Nettle, Bosk, Ferrule",hive,0.52
ARMOR_MITIGATION,0.4,,"Pyre, Ash, Corr, Rime, Maul",open,2.15
ARMOR_MITIGATION,0.4,,"Pyre, Ash, Corr, Rime, Maul",murk,1.76
ARMOR_MITIGATION,0.4,,"Pyre, Ash, Corr, Rime, Maul",hive,3.56
ARMOR_MITIGATION,0.4,,"Tarn, Vitre, Nettle, Maul, Rime",open,1.74
ARMOR_MITIGATION,0.4,,"Tarn, Vitre, Nettle, Maul, Rime",murk,1.34
ARMOR_MITIGATION,0.4,,"Tarn, Vitre, Nettle, Maul, Rime",hive,4.09
ARMOR_MITIGATION,0.4,,"Cinder, Mote, Bosk, Pyre, Ash",open,1.9
ARMOR_MITIGATION,0.4,,"Cinder, Mote, Bosk, Pyre, Ash",murk,1.46
ARMOR_MITIGATION,0.4,,"Cinder, Mote, Bosk, Pyre, Ash",hive,2.24
ARMOR_MITIGATION,0.4,,"Wex, Sump, Nettle, Bosk, Ferrule",open,0.77
ARMOR_MITIGATION,0.4,,"Wex, Sump, Nettle, Bosk, Ferrule",murk,0.47
ARMOR_MITIGATION,0.4,,"Wex, Sump, Nettle, Bosk, Ferrule",hive,0.75
ARMOR_MITIGATION,0.55,yes,"Pyre, Ash, Corr, Rime, Maul",open,2.24
ARMOR_MITIGATION,0.55,yes,"Pyre, Ash, Corr, Rime, Maul",murk,1.78
ARMOR_MITIGATION,0.55,yes,"Pyre, Ash, Corr, Rime, Maul",hive,3.53
ARMOR_MITIGATION,0.55,yes,"Tarn, Vitre, Nettle, Maul, Rime",open,1.88
ARMOR_MITIGATION,0.55,yes,"Tarn, Vitre, Nettle, Maul, Rime",murk,1.41
ARMOR_MITIGATION,0.55,yes,"Tarn, Vitre, Nettle, Maul, Rime",hive,3.58
ARMOR_MITIGATION,0.55,yes,"Cinder, Mote, Bosk, Pyre, Ash",open,1.9
ARMOR_MITIGATION,0.55,yes,"Cinder, Mote, Bosk, Pyre, Ash",murk,1.55
ARMOR_MITIGATION,0.55,yes,"Cinder, Mote, Bosk, Pyre, Ash",hive,2.29
ARMOR_MITIGATION,0.55,yes,"Wex, Sump, Nettle, Bosk, Ferrule",open,0.93
ARMOR_MITIGATION,0.55,yes,"Wex, Sump, Nettle, Bosk, Ferrule",murk,0.56
ARMOR_MITIGATION,0.55,yes,"Wex, Sump, Nettle, Bosk, Ferrule",hive,0.84
ARMOR_MITIGATION,0.7,,"Pyre, Ash, Corr, Rime, Maul",open,2.38
ARMOR_MITIGATION,0.7,,"Pyre, Ash, Corr, Rime, Maul",murk,1.83
ARMOR_MITIGATION,0.7,,"Pyre, Ash, Corr, Rime, Maul",hive,3.47
ARMOR_MITIGATION,0.7,,"Tarn, Vitre, Nettle, Maul, Rime",open,1.92
ARMOR_MITIGATION,0.7,,"Tarn, Vitre, Nettle, Maul, Rime",murk,1.48
ARMOR_MITIGATION,0.7,,"Tarn, Vitre, Nettle, Maul, Rime",hive,3.53
ARMOR_MITIGATION,0.7,,"Cinder, Mote, Bosk, Pyre, Ash",open,1.9
ARMOR_MITIGATION,0.7,,"Cinder, Mote, Bosk, Pyre, Ash",murk,1.55
ARMOR_MITIGATION,0.7,,"Cinder, Mote, Bosk, Pyre, Ash",hive,2.31
ARMOR_MITIGATION,0.7,,"Wex, Sump, Nettle, Bosk, Ferrule",open,1.05
ARMOR_MITIGATION,0.7,,"Wex, Sump, Nettle, Bosk, Ferrule",murk,0.63
ARMOR_MITIGATION,0.7,,"Wex, Sump, Nettle, Bosk, Ferrule",hive,1
ARMOR_MITIGATION,0.85,,"Pyre, Ash, Corr, Rime, Maul",open,2.41
ARMOR_MITIGATION,0.85,,"Pyre, Ash, Corr, Rime, Maul",murk,1.85
ARMOR_MITIGATION,0.85,,"Pyre, Ash, Corr, Rime, Maul",hive,3.53
ARMOR_MITIGATION,0.85,,"Tarn, Vitre, Nettle, Maul, Rime",open,2.06
ARMOR_MITIGATION,0.85,,"Tarn, Vitre, Nettle, Maul, Rime",murk,1.58
ARMOR_MITIGATION,0.85,,"Tarn, Vitre, Nettle, Maul, Rime",hive,3.79
ARMOR_MITIGATION,0.85,,"Cinder, Mote, Bosk, Pyre, Ash",open,1.9
ARMOR_MITIGATION,0.85,,"Cinder, Mote, Bosk, Pyre, Ash",murk,1.58
ARMOR_MITIGATION,0.85,,"Cinder, Mote, Bosk, Pyre, Ash",hive,2.41
ARMOR_MITIGATION,0.85,,"Wex, Sump, Nettle, Bosk, Ferrule",open,1.16
ARMOR_MITIGATION,0.85,,"Wex, Sump, Nettle, Bosk, Ferrule",murk,0.77
ARMOR_MITIGATION,0.85,,"Wex, Sump, Nettle, Bosk, Ferrule",hive,1.07
VULN_BONUS,0,,"Pyre, Ash, Corr, Rime, Maul",open,2.15
VULN_BONUS,0,,"Pyre, Ash, Corr, Rime, Maul",murk,1.74
VULN_BONUS,0,,"Pyre, Ash, Corr, Rime, Maul",hive,3.1
VULN_BONUS,0,,"Tarn, Vitre, Nettle, Maul, Rime",open,1.67
VULN_BONUS,0,,"Tarn, Vitre, Nettle, Maul, Rime",murk,1.32
VULN_BONUS,0,,"Tarn, Vitre, Nettle, Maul, Rime",hive,3.53
VULN_BONUS,0,,"Cinder, Mote, Bosk, Pyre, Ash",open,1.9
VULN_BONUS,0,,"Cinder, Mote, Bosk, Pyre, Ash",murk,1.53
VULN_BONUS,0,,"Cinder, Mote, Bosk, Pyre, Ash",hive,2.29
VULN_BONUS,0,,"Wex, Sump, Nettle, Bosk, Ferrule",open,0.86
VULN_BONUS,0,,"Wex, Sump, Nettle, Bosk, Ferrule",murk,0.52
VULN_BONUS,0,,"Wex, Sump, Nettle, Bosk, Ferrule",hive,0.81
VULN_BONUS,0.2,,"Pyre, Ash, Corr, Rime, Maul",open,2.24
VULN_BONUS,0.2,,"Pyre, Ash, Corr, Rime, Maul",murk,1.74
VULN_BONUS,0.2,,"Pyre, Ash, Corr, Rime, Maul",hive,3.4
VULN_BONUS,0.2,,"Tarn, Vitre, Nettle, Maul, Rime",open,1.74
VULN_BONUS,0.2,,"Tarn, Vitre, Nettle, Maul, Rime",murk,1.41
VULN_BONUS,0.2,,"Tarn, Vitre, Nettle, Maul, Rime",hive,3.74
VULN_BONUS,0.2,,"Cinder, Mote, Bosk, Pyre, Ash",open,1.9
VULN_BONUS,0.2,,"Cinder, Mote, Bosk, Pyre, Ash",murk,1.55
VULN_BONUS,0.2,,"Cinder, Mote, Bosk, Pyre, Ash",hive,2.17
VULN_BONUS,0.2,,"Wex, Sump, Nettle, Bosk, Ferrule",open,0.88
VULN_BONUS,0.2,,"Wex, Sump, Nettle, Bosk, Ferrule",murk,0.54
VULN_BONUS,0.2,,"Wex, Sump, Nettle, Bosk, Ferrule",hive,0.84
VULN_BONUS,0.35,yes,"Pyre, Ash, Corr, Rime, Maul",open,2.24
VULN_BONUS,0.35,yes,"Pyre, Ash, Corr, Rime, Maul",murk,1.78
VULN_BONUS,0.35,yes,"Pyre, Ash, Corr, Rime, Maul",hive,3.53
VULN_BONUS,0.35,yes,"Tarn, Vitre, Nettle, Maul, Rime",open,1.88
VULN_BONUS,0.35,yes,"Tarn, Vitre, Nettle, Maul, Rime",murk,1.41
VULN_BONUS,0.35,yes,"Tarn, Vitre, Nettle, Maul, Rime",hive,3.58
VULN_BONUS,0.35,yes,"Cinder, Mote, Bosk, Pyre, Ash",open,1.9
VULN_BONUS,0.35,yes,"Cinder, Mote, Bosk, Pyre, Ash",murk,1.55
VULN_BONUS,0.35,yes,"Cinder, Mote, Bosk, Pyre, Ash",hive,2.29
VULN_BONUS,0.35,yes,"Wex, Sump, Nettle, Bosk, Ferrule",open,0.93
VULN_BONUS,0.35,yes,"Wex, Sump, Nettle, Bosk, Ferrule",murk,0.56
VULN_BONUS,0.35,yes,"Wex, Sump, Nettle, Bosk, Ferrule",hive,0.84
VULN_BONUS,0.5,,"Pyre, Ash, Corr, Rime, Maul",open,2.24
VULN_BONUS,0.5,,"Pyre, Ash, Corr, Rime, Maul",murk,1.85
VULN_BONUS,0.5,,"Pyre, Ash, Corr, Rime, Maul",hive,3.4
VULN_BONUS,0.5,,"Tarn, Vitre, Nettle, Maul, Rime",open,1.9
VULN_BONUS,0.5,,"Tarn, Vitre, Nettle, Maul, Rime",murk,1.41
VULN_BONUS,0.5,,"Tarn, Vitre, Nettle, Maul, Rime",hive,3.86
VULN_BONUS,0.5,,"Cinder, Mote, Bosk, Pyre, Ash",open,1.9
VULN_BONUS,0.5,,"Cinder, Mote, Bosk, Pyre, Ash",murk,1.58
VULN_BONUS,0.5,,"Cinder, Mote, Bosk, Pyre, Ash",hive,2.31
VULN_BONUS,0.5,,"Wex, Sump, Nettle, Bosk, Ferrule",open,0.93
VULN_BONUS,0.5,,"Wex, Sump, Nettle, Bosk, Ferrule",murk,0.56
VULN_BONUS,0.5,,"Wex, Sump, Nettle, Bosk, Ferrule",hive,0.84
VULN_BONUS,0.75,,"Pyre, Ash, Corr, Rime, Maul",open,2.27
VULN_BONUS,0.75,,"Pyre, Ash, Corr, Rime, Maul",murk,1.9
VULN_BONUS,0.75,,"Pyre, Ash, Corr, Rime, Maul",hive,3.4
VULN_BONUS,0.75,,"Tarn, Vitre, Nettle, Maul, Rime",open,1.92
VULN_BONUS,0.75,,"Tarn, Vitre, Nettle, Maul, Rime",murk,1.41
VULN_BONUS,0.75,,"Tarn, Vitre, Nettle, Maul, Rime",hive,4.09
VULN_BONUS,0.75,,"Cinder, Mote, Bosk, Pyre, Ash",open,1.9
VULN_BONUS,0.75,,"Cinder, Mote, Bosk, Pyre, Ash",murk,1.58
VULN_BONUS,0.75,,"Cinder, Mote, Bosk, Pyre, Ash",hive,2.31
VULN_BONUS,0.75,,"Wex, Sump, Nettle, Bosk, Ferrule",open,0.95
VULN_BONUS,0.75,,"Wex, Sump, Nettle, Bosk, Ferrule",murk,0.56
VULN_BONUS,0.75,,"Wex, Sump, Nettle, Bosk, Ferrule",hive,0.84
BREAK_DELAY,0,,"Pyre, Ash, Corr, Rime, Maul",open,2.15
BREAK_DELAY,0,,"Pyre, Ash, Corr, Rime, Maul",murk,1.74
BREAK_DELAY,0,,"Pyre, Ash, Corr, Rime, Maul",hive,3.05
BREAK_DELAY,0,,"Tarn, Vitre, Nettle, Maul, Rime",open,1.74
BREAK_DELAY,0,,"Tarn, Vitre, Nettle, Maul, Rime",murk,1.39
BREAK_DELAY,0,,"Tarn, Vitre, Nettle, Maul, Rime",hive,3.56
BREAK_DELAY,0,,"Cinder, Mote, Bosk, Pyre, Ash",open,1.85
BREAK_DELAY,0,,"Cinder, Mote, Bosk, Pyre, Ash",murk,1.51
BREAK_DELAY,0,,"Cinder, Mote, Bosk, Pyre, Ash",hive,2.22
BREAK_DELAY,0,,"Wex, Sump, Nettle, Bosk, Ferrule",open,0.91
BREAK_DELAY,0,,"Wex, Sump, Nettle, Bosk, Ferrule",murk,0.56
BREAK_DELAY,0,,"Wex, Sump, Nettle, Bosk, Ferrule",hive,0.84
BREAK_DELAY,0.2,,"Pyre, Ash, Corr, Rime, Maul",open,2.24
BREAK_DELAY,0.2,,"Pyre, Ash, Corr, Rime, Maul",murk,1.83
BREAK_DELAY,0.2,,"Pyre, Ash, Corr, Rime, Maul",hive,3.53
BREAK_DELAY,0.2,,"Tarn, Vitre, Nettle, Maul, Rime",open,1.78
BREAK_DELAY,0.2,,"Tarn, Vitre, Nettle, Maul, Rime",murk,1.41
BREAK_DELAY,0.2,,"Tarn, Vitre, Nettle, Maul, Rime",hive,4.09
BREAK_DELAY,0.2,,"Cinder, Mote, Bosk, Pyre, Ash",open,1.88
BREAK_DELAY,0.2,,"Cinder, Mote, Bosk, Pyre, Ash",murk,1.55
BREAK_DELAY,0.2,,"Cinder, Mote, Bosk, Pyre, Ash",hive,2.24
BREAK_DELAY,0.2,,"Wex, Sump, Nettle, Bosk, Ferrule",open,0.91
BREAK_DELAY,0.2,,"Wex, Sump, Nettle, Bosk, Ferrule",murk,0.56
BREAK_DELAY,0.2,,"Wex, Sump, Nettle, Bosk, Ferrule",hive,0.84
BREAK_DELAY,0.35,yes,"Pyre, Ash, Corr, Rime, Maul",open,2.24
BREAK_DELAY,0.35,yes,"Pyre, Ash, Corr, Rime, Maul",murk,1.78
BREAK_DELAY,0.35,yes,"Pyre, Ash, Corr, Rime, Maul",hive,3.53
BREAK_DELAY,0.35,yes,"Tarn, Vitre, Nettle, Maul, Rime",open,1.88
BREAK_DELAY,0.35,yes,"Tarn, Vitre, Nettle, Maul, Rime",murk,1.41
BREAK_DELAY,0.35,yes,"Tarn, Vitre, Nettle, Maul, Rime",hive,3.58
BREAK_DELAY,0.35,yes,"Cinder, Mote, Bosk, Pyre, Ash",open,1.9
BREAK_DELAY,0.35,yes,"Cinder, Mote, Bosk, Pyre, Ash",murk,1.55
BREAK_DELAY,0.35,yes,"Cinder, Mote, Bosk, Pyre, Ash",hive,2.29
BREAK_DELAY,0.35,yes,"Wex, Sump, Nettle, Bosk, Ferrule",open,0.93
BREAK_DELAY,0.35,yes,"Wex, Sump, Nettle, Bosk, Ferrule",murk,0.56
BREAK_DELAY,0.35,yes,"Wex, Sump, Nettle, Bosk, Ferrule",hive,0.84
BREAK_DELAY,0.5,,"Pyre, Ash, Corr, Rime, Maul",open,2.36
BREAK_DELAY,0.5,,"Pyre, Ash, Corr, Rime, Maul",murk,1.81
BREAK_DELAY,0.5,,"Pyre, Ash, Corr, Rime, Maul",hive,3.53
BREAK_DELAY,0.5,,"Tarn, Vitre, Nettle, Maul, Rime",open,1.83
BREAK_DELAY,0.5,,"Tarn, Vitre, Nettle, Maul, Rime",murk,1.41
BREAK_DELAY,0.5,,"Tarn, Vitre, Nettle, Maul, Rime",hive,3.58
BREAK_DELAY,0.5,,"Cinder, Mote, Bosk, Pyre, Ash",open,1.9
BREAK_DELAY,0.5,,"Cinder, Mote, Bosk, Pyre, Ash",murk,1.55
BREAK_DELAY,0.5,,"Cinder, Mote, Bosk, Pyre, Ash",hive,2.29
BREAK_DELAY,0.5,,"Wex, Sump, Nettle, Bosk, Ferrule",open,0.93
BREAK_DELAY,0.5,,"Wex, Sump, Nettle, Bosk, Ferrule",murk,0.56
BREAK_DELAY,0.5,,"Wex, Sump, Nettle, Bosk, Ferrule",hive,0.84
BREAK_DELAY,0.75,,"Pyre, Ash, Corr, Rime, Maul",open,2.34
BREAK_DELAY,0.75,,"Pyre, Ash, Corr, Rime, Maul",murk,1.9
BREAK_DELAY,0.75,,"Pyre, Ash, Corr, Rime, Maul",hive,3.4
BREAK_DELAY,0.75,,"Tarn, Vitre, Nettle, Maul, Rime",open,1.78
BREAK_DELAY,0.75,,"Tarn, Vitre, Nettle, Maul, Rime",murk,1.41
BREAK_DELAY,0.75,,"Tarn, Vitre, Nettle, Maul, Rime",hive,3.58
BREAK_DELAY,0.75,,"Cinder, Mote, Bosk, Pyre, Ash",open,1.9
BREAK_DELAY,0.75,,"Cinder, Mote, Bosk, Pyre, Ash",murk,1.6
BREAK_DELAY,0.75,,"Cinder, Mote, Bosk, Pyre, Ash",hive,2.36
BREAK_DELAY,0.75,,"Wex, Sump, Nettle, Bosk, Ferrule",open,0.93
BREAK_DELAY,0.75,,"Wex, Sump, Nettle, Bosk, Ferrule",murk,0.56
BREAK_DELAY,0.75,,"Wex, Sump, Nettle, Bosk, Ferrule",hive,0.84
HARMONY_CAP,0,,"Pyre, Ash, Corr, Rime, Maul",open,2.24
HARMONY_CAP,0,,"Pyre, Ash, Corr, Rime, Maul",murk,1.78
HARMONY_CAP,0,,"Pyre, Ash, Corr, Rime, Maul",hive,3.53
HARMONY_CAP,0,,"Tarn, Vitre, Nettle, Maul, Rime",open,1.88
HARMONY_CAP,0,,"Tarn, Vitre, Nettle, Maul, Rime",murk,1.41
HARMONY_CAP,0,,"Tarn, Vitre, Nettle, Maul, Rime",hive,3.58
HARMONY_CAP,0,,"Cinder, Mote, Bosk, Pyre, Ash",open,1.9
HARMONY_CAP,0,,"Cinder, Mote, Bosk, Pyre, Ash",murk,1.48
HARMONY_CAP,0,,"Cinder, Mote, Bosk, Pyre, Ash",hive,2.29
HARMONY_CAP,0,,"Wex, Sump, Nettle, Bosk, Ferrule",open,0.91
HARMONY_CAP,0,,"Wex, Sump, Nettle, Bosk, Ferrule",murk,0.54
HARMONY_CAP,0,,"Wex, Sump, Nettle, Bosk, Ferrule",hive,0.84
HARMONY_CAP,1,,"Pyre, Ash, Corr, Rime, Maul",open,2.24
HARMONY_CAP,1,,"Pyre, Ash, Corr, Rime, Maul",murk,1.78
HARMONY_CAP,1,,"Pyre, Ash, Corr, Rime, Maul",hive,3.53
HARMONY_CAP,1,,"Tarn, Vitre, Nettle, Maul, Rime",open,1.88
HARMONY_CAP,1,,"Tarn, Vitre, Nettle, Maul, Rime",murk,1.41
HARMONY_CAP,1,,"Tarn, Vitre, Nettle, Maul, Rime",hive,3.58
HARMONY_CAP,1,,"Cinder, Mote, Bosk, Pyre, Ash",open,1.9
HARMONY_CAP,1,,"Cinder, Mote, Bosk, Pyre, Ash",murk,1.55
HARMONY_CAP,1,,"Cinder, Mote, Bosk, Pyre, Ash",hive,2.29
HARMONY_CAP,1,,"Wex, Sump, Nettle, Bosk, Ferrule",open,0.93
HARMONY_CAP,1,,"Wex, Sump, Nettle, Bosk, Ferrule",murk,0.56
HARMONY_CAP,1,,"Wex, Sump, Nettle, Bosk, Ferrule",hive,0.84
HARMONY_CAP,2,yes,"Pyre, Ash, Corr, Rime, Maul",open,2.24
HARMONY_CAP,2,yes,"Pyre, Ash, Corr, Rime, Maul",murk,1.78
HARMONY_CAP,2,yes,"Pyre, Ash, Corr, Rime, Maul",hive,3.53
HARMONY_CAP,2,yes,"Tarn, Vitre, Nettle, Maul, Rime",open,1.88
HARMONY_CAP,2,yes,"Tarn, Vitre, Nettle, Maul, Rime",murk,1.41
HARMONY_CAP,2,yes,"Tarn, Vitre, Nettle, Maul, Rime",hive,3.58
HARMONY_CAP,2,yes,"Cinder, Mote, Bosk, Pyre, Ash",open,1.9
HARMONY_CAP,2,yes,"Cinder, Mote, Bosk, Pyre, Ash",murk,1.55
HARMONY_CAP,2,yes,"Cinder, Mote, Bosk, Pyre, Ash",hive,2.29
HARMONY_CAP,2,yes,"Wex, Sump, Nettle, Bosk, Ferrule",open,0.93
HARMONY_CAP,2,yes,"Wex, Sump, Nettle, Bosk, Ferrule",murk,0.56
HARMONY_CAP,2,yes,"Wex, Sump, Nettle, Bosk, Ferrule",hive,0.84
HARMONY_CAP,3,,"Pyre, Ash, Corr, Rime, Maul",open,2.24
HARMONY_CAP,3,,"Pyre, Ash, Corr, Rime, Maul",murk,1.78
HARMONY_CAP,3,,"Pyre, Ash, Corr, Rime, Maul",hive,3.53
HARMONY_CAP,3,,"Tarn, Vitre, Nettle, Maul, Rime",open,1.88
HARMONY_CAP,3,,"Tarn, Vitre, Nettle, Maul, Rime",murk,1.41
HARMONY_CAP,3,,"Tarn, Vitre, Nettle, Maul, Rime",hive,3.58
HARMONY_CAP,3,,"Cinder, Mote, Bosk, Pyre, Ash",open,1.9
HARMONY_CAP,3,,"Cinder, Mote, Bosk, Pyre, Ash",murk,1.55
HARMONY_CAP,3,,"Cinder, Mote, Bosk, Pyre, Ash",hive,2.29
HARMONY_CAP,3,,"Wex, Sump, Nettle, Bosk, Ferrule",open,0.93
HARMONY_CAP,3,,"Wex, Sump, Nettle, Bosk, Ferrule",murk,0.56
HARMONY_CAP,3,,"Wex, Sump, Nettle, Bosk, Ferrule",hive,0.84
HARMONY_CAP,8,,"Pyre, Ash, Corr, Rime, Maul",open,2.24
HARMONY_CAP,8,,"Pyre, Ash, Corr, Rime, Maul",murk,1.78
HARMONY_CAP,8,,"Pyre, Ash, Corr, Rime, Maul",hive,3.53
HARMONY_CAP,8,,"Tarn, Vitre, Nettle, Maul, Rime",open,1.88
HARMONY_CAP,8,,"Tarn, Vitre, Nettle, Maul, Rime",murk,1.41
HARMONY_CAP,8,,"Tarn, Vitre, Nettle, Maul, Rime",hive,3.58
HARMONY_CAP,8,,"Cinder, Mote, Bosk, Pyre, Ash",open,1.9
HARMONY_CAP,8,,"Cinder, Mote, Bosk, Pyre, Ash",murk,1.55
HARMONY_CAP,8,,"Cinder, Mote, Bosk, Pyre, Ash",hive,2.29
HARMONY_CAP,8,,"Wex, Sump, Nettle, Bosk, Ferrule",open,0.93
HARMONY_CAP,8,,"Wex, Sump, Nettle, Bosk, Ferrule",murk,0.56
HARMONY_CAP,8,,"Wex, Sump, Nettle, Bosk, Ferrule",hive,0.84
HARMONY_DMG,0.2,,"Pyre, Ash, Corr, Rime, Maul",open,2.24
HARMONY_DMG,0.2,,"Pyre, Ash, Corr, Rime, Maul",murk,1.78
HARMONY_DMG,0.2,,"Pyre, Ash, Corr, Rime, Maul",hive,3.53
HARMONY_DMG,0.2,,"Tarn, Vitre, Nettle, Maul, Rime",open,1.88
HARMONY_DMG,0.2,,"Tarn, Vitre, Nettle, Maul, Rime",murk,1.41
HARMONY_DMG,0.2,,"Tarn, Vitre, Nettle, Maul, Rime",hive,3.58
HARMONY_DMG,0.2,,"Cinder, Mote, Bosk, Pyre, Ash",open,1.9
HARMONY_DMG,0.2,,"Cinder, Mote, Bosk, Pyre, Ash",murk,1.51
HARMONY_DMG,0.2,,"Cinder, Mote, Bosk, Pyre, Ash",hive,2.27
HARMONY_DMG,0.2,,"Wex, Sump, Nettle, Bosk, Ferrule",open,0.91
HARMONY_DMG,0.2,,"Wex, Sump, Nettle, Bosk, Ferrule",murk,0.54
HARMONY_DMG,0.2,,"Wex, Sump, Nettle, Bosk, Ferrule",hive,0.84
HARMONY_DMG,0.4,,"Pyre, Ash, Corr, Rime, Maul",open,2.24
HARMONY_DMG,0.4,,"Pyre, Ash, Corr, Rime, Maul",murk,1.78
HARMONY_DMG,0.4,,"Pyre, Ash, Corr, Rime, Maul",hive,3.53
HARMONY_DMG,0.4,,"Tarn, Vitre, Nettle, Maul, Rime",open,1.88
HARMONY_DMG,0.4,,"Tarn, Vitre, Nettle, Maul, Rime",murk,1.41
HARMONY_DMG,0.4,,"Tarn, Vitre, Nettle, Maul, Rime",hive,3.58
HARMONY_DMG,0.4,,"Cinder, Mote, Bosk, Pyre, Ash",open,1.9
HARMONY_DMG,0.4,,"Cinder, Mote, Bosk, Pyre, Ash",murk,1.55
HARMONY_DMG,0.4,,"Cinder, Mote, Bosk, Pyre, Ash",hive,2.27
HARMONY_DMG,0.4,,"Wex, Sump, Nettle, Bosk, Ferrule",open,0.91
HARMONY_DMG,0.4,,"Wex, Sump, Nettle, Bosk, Ferrule",murk,0.56
HARMONY_DMG,0.4,,"Wex, Sump, Nettle, Bosk, Ferrule",hive,0.84
HARMONY_DMG,0.6,yes,"Pyre, Ash, Corr, Rime, Maul",open,2.24
HARMONY_DMG,0.6,yes,"Pyre, Ash, Corr, Rime, Maul",murk,1.78
HARMONY_DMG,0.6,yes,"Pyre, Ash, Corr, Rime, Maul",hive,3.53
HARMONY_DMG,0.6,yes,"Tarn, Vitre, Nettle, Maul, Rime",open,1.88
HARMONY_DMG,0.6,yes,"Tarn, Vitre, Nettle, Maul, Rime",murk,1.41
HARMONY_DMG,0.6,yes,"Tarn, Vitre, Nettle, Maul, Rime",hive,3.58
HARMONY_DMG,0.6,yes,"Cinder, Mote, Bosk, Pyre, Ash",open,1.9
HARMONY_DMG,0.6,yes,"Cinder, Mote, Bosk, Pyre, Ash",murk,1.55
HARMONY_DMG,0.6,yes,"Cinder, Mote, Bosk, Pyre, Ash",hive,2.29
HARMONY_DMG,0.6,yes,"Wex, Sump, Nettle, Bosk, Ferrule",open,0.93
HARMONY_DMG,0.6,yes,"Wex, Sump, Nettle, Bosk, Ferrule",murk,0.56
HARMONY_DMG,0.6,yes,"Wex, Sump, Nettle, Bosk, Ferrule",hive,0.84
HARMONY_DMG,0.9,,"Pyre, Ash, Corr, Rime, Maul",open,2.24
HARMONY_DMG,0.9,,"Pyre, Ash, Corr, Rime, Maul",murk,1.78
HARMONY_DMG,0.9,,"Pyre, Ash, Corr, Rime, Maul",hive,3.42
HARMONY_DMG,0.9,,"Tarn, Vitre, Nettle, Maul, Rime",open,1.88
HARMONY_DMG,0.9,,"Tarn, Vitre, Nettle, Maul, Rime",murk,1.41
HARMONY_DMG,0.9,,"Tarn, Vitre, Nettle, Maul, Rime",hive,3.58
HARMONY_DMG,0.9,,"Cinder, Mote, Bosk, Pyre, Ash",open,1.9
HARMONY_DMG,0.9,,"Cinder, Mote, Bosk, Pyre, Ash",murk,1.58
HARMONY_DMG,0.9,,"Cinder, Mote, Bosk, Pyre, Ash",hive,2.29
HARMONY_DMG,0.9,,"Wex, Sump, Nettle, Bosk, Ferrule",open,0.93
HARMONY_DMG,0.9,,"Wex, Sump, Nettle, Bosk, Ferrule",murk,0.56
HARMONY_DMG,0.9,,"Wex, Sump, Nettle, Bosk, Ferrule",hive,0.84
HARMONY_DMG,1.3,,"Pyre, Ash, Corr, Rime, Maul",open,2.24
HARMONY_DMG,1.3,,"Pyre, Ash, Corr, Rime, Maul",murk,1.78
HARMONY_DMG,1.3,,"Pyre, Ash, Corr, Rime, Maul",hive,3.37
HARMONY_DMG,1.3,,"Tarn, Vitre, Nettle, Maul, Rime",open,1.88
HARMONY_DMG,1.3,,"Tarn, Vitre, Nettle, Maul, Rime",murk,1.41
HARMONY_DMG,1.3,,"Tarn, Vitre, Nettle, Maul, Rime",hive,3.58
HARMONY_DMG,1.3,,"Cinder, Mote, Bosk, Pyre, Ash",open,1.92
HARMONY_DMG,1.3,,"Cinder, Mote, Bosk, Pyre, Ash",murk,1.58
HARMONY_DMG,1.3,,"Cinder, Mote, Bosk, Pyre, Ash",hive,2.27
HARMONY_DMG,1.3,,"Wex, Sump, Nettle, Bosk, Ferrule",open,0.93
HARMONY_DMG,1.3,,"Wex, Sump, Nettle, Bosk, Ferrule",murk,0.56
HARMONY_DMG,1.3,,"Wex, Sump, Nettle, Bosk, Ferrule",hive,0.84
SHRED_OPPOSITE,0.5,,"Pyre, Ash, Corr, Rime, Maul",open,2.17
SHRED_OPPOSITE,0.5,,"Pyre, Ash, Corr, Rime, Maul",murk,1.74
SHRED_OPPOSITE,0.5,,"Pyre, Ash, Corr, Rime, Maul",hive,2.91
SHRED_OPPOSITE,0.5,,"Tarn, Vitre, Nettle, Maul, Rime",open,1.88
SHRED_OPPOSITE,0.5,,"Tarn, Vitre, Nettle, Maul, Rime",murk,1.41
SHRED_OPPOSITE,0.5,,"Tarn, Vitre, Nettle, Maul, Rime",hive,3.53
SHRED_OPPOSITE,0.5,,"Cinder, Mote, Bosk, Pyre, Ash",open,1.85
SHRED_OPPOSITE,0.5,,"Cinder, Mote, Bosk, Pyre, Ash",murk,1.46
SHRED_OPPOSITE,0.5,,"Cinder, Mote, Bosk, Pyre, Ash",hive,1.9
SHRED_OPPOSITE,0.5,,"Wex, Sump, Nettle, Bosk, Ferrule",open,0.81
SHRED_OPPOSITE,0.5,,"Wex, Sump, Nettle, Bosk, Ferrule",murk,0.52
SHRED_OPPOSITE,0.5,,"Wex, Sump, Nettle, Bosk, Ferrule",hive,0.75
SHRED_OPPOSITE,0.75,,"Pyre, Ash, Corr, Rime, Maul",open,2.24
SHRED_OPPOSITE,0.75,,"Pyre, Ash, Corr, Rime, Maul",murk,1.78
SHRED_OPPOSITE,0.75,,"Pyre, Ash, Corr, Rime, Maul",hive,3.53
SHRED_OPPOSITE,0.75,,"Tarn, Vitre, Nettle, Maul, Rime",open,1.88
SHRED_OPPOSITE,0.75,,"Tarn, Vitre, Nettle, Maul, Rime",murk,1.41
SHRED_OPPOSITE,0.75,,"Tarn, Vitre, Nettle, Maul, Rime",hive,3.53
SHRED_OPPOSITE,0.75,,"Cinder, Mote, Bosk, Pyre, Ash",open,1.85
SHRED_OPPOSITE,0.75,,"Cinder, Mote, Bosk, Pyre, Ash",murk,1.46
SHRED_OPPOSITE,0.75,,"Cinder, Mote, Bosk, Pyre, Ash",hive,1.94
SHRED_OPPOSITE,0.75,,"Wex, Sump, Nettle, Bosk, Ferrule",open,0.91
SHRED_OPPOSITE,0.75,,"Wex, Sump, Nettle, Bosk, Ferrule",murk,0.52
SHRED_OPPOSITE,0.75,,"Wex, Sump, Nettle, Bosk, Ferrule",hive,0.84
SHRED_OPPOSITE,1,yes,"Pyre, Ash, Corr, Rime, Maul",open,2.24
SHRED_OPPOSITE,1,yes,"Pyre, Ash, Corr, Rime, Maul",murk,1.78
SHRED_OPPOSITE,1,yes,"Pyre, Ash, Corr, Rime, Maul",hive,3.53
SHRED_OPPOSITE,1,yes,"Tarn, Vitre, Nettle, Maul, Rime",open,1.88
SHRED_OPPOSITE,1,yes,"Tarn, Vitre, Nettle, Maul, Rime",murk,1.41
SHRED_OPPOSITE,1,yes,"Tarn, Vitre, Nettle, Maul, Rime",hive,3.58
SHRED_OPPOSITE,1,yes,"Cinder, Mote, Bosk, Pyre, Ash",open,1.9
SHRED_OPPOSITE,1,yes,"Cinder, Mote, Bosk, Pyre, Ash",murk,1.55
SHRED_OPPOSITE,1,yes,"Cinder, Mote, Bosk, Pyre, Ash",hive,2.29
SHRED_OPPOSITE,1,yes,"Wex, Sump, Nettle, Bosk, Ferrule",open,0.93
SHRED_OPPOSITE,1,yes,"Wex, Sump, Nettle, Bosk, Ferrule",murk,0.56
SHRED_OPPOSITE,1,yes,"Wex, Sump, Nettle, Bosk, Ferrule",hive,0.84
SHRED_OPPOSITE,1.5,,"Pyre, Ash, Corr, Rime, Maul",open,2.24
SHRED_OPPOSITE,1.5,,"Pyre, Ash, Corr, Rime, Maul",murk,1.78
SHRED_OPPOSITE,1.5,,"Pyre, Ash, Corr, Rime, Maul",hive,3.53
SHRED_OPPOSITE,1.5,,"Tarn, Vitre, Nettle, Maul, Rime",open,1.88
SHRED_OPPOSITE,1.5,,"Tarn, Vitre, Nettle, Maul, Rime",murk,1.41
SHRED_OPPOSITE,1.5,,"Tarn, Vitre, Nettle, Maul, Rime",hive,3.58
SHRED_OPPOSITE,1.5,,"Cinder, Mote, Bosk, Pyre, Ash",open,1.9
SHRED_OPPOSITE,1.5,,"Cinder, Mote, Bosk, Pyre, Ash",murk,1.55
SHRED_OPPOSITE,1.5,,"Cinder, Mote, Bosk, Pyre, Ash",hive,2.36
SHRED_OPPOSITE,1.5,,"Wex, Sump, Nettle, Bosk, Ferrule",open,0.93
SHRED_OPPOSITE,1.5,,"Wex, Sump, Nettle, Bosk, Ferrule",murk,0.58
SHRED_OPPOSITE,1.5,,"Wex, Sump, Nettle, Bosk, Ferrule",hive,0.84
SHRED_OPPOSITE,2,,"Pyre, Ash, Corr, Rime, Maul",open,2.24
SHRED_OPPOSITE,2,,"Pyre, Ash, Corr, Rime, Maul",murk,1.78
SHRED_OPPOSITE,2,,"Pyre, Ash, Corr, Rime, Maul",hive,3.53
SHRED_OPPOSITE,2,,"Tarn, Vitre, Nettle, Maul, Rime",open,1.88
SHRED_OPPOSITE,2,,"Tarn, Vitre, Nettle, Maul, Rime",murk,1.41
SHRED_OPPOSITE,2,,"Tarn, Vitre, Nettle, Maul, Rime",hive,3.58
SHRED_OPPOSITE,2,,"Cinder, Mote, Bosk, Pyre, Ash",open,1.9
SHRED_OPPOSITE,2,,"Cinder, Mote, Bosk, Pyre, Ash",murk,1.55
SHRED_OPPOSITE,2,,"Cinder, Mote, Bosk, Pyre, Ash",hive,2.36
SHRED_OPPOSITE,2,,"Wex, Sump, Nettle, Bosk, Ferrule",open,0.95
SHRED_OPPOSITE,2,,"Wex, Sump, Nettle, Bosk, Ferrule",murk,0.58
SHRED_OPPOSITE,2,,"Wex, Sump, Nettle, Bosk, Ferrule",hive,0.84
SHRED_SAME,0.05,,"Pyre, Ash, Corr, Rime, Maul",open,2.24
SHRED_SAME,0.05,,"Pyre, Ash, Corr, Rime, Maul",murk,1.74
SHRED_SAME,0.05,,"Pyre, Ash, Corr, Rime, Maul",hive,3.53
SHRED_SAME,0.05,,"Tarn, Vitre, Nettle, Maul, Rime",open,1.74
SHRED_SAME,0.05,,"Tarn, Vitre, Nettle, Maul, Rime",murk,1.41
SHRED_SAME,0.05,,"Tarn, Vitre, Nettle, Maul, Rime",hive,3.58
SHRED_SAME,0.05,,"Cinder, Mote, Bosk, Pyre, Ash",open,1.83
SHRED_SAME,0.05,,"Cinder, Mote, Bosk, Pyre, Ash",murk,1.55
SHRED_SAME,0.05,,"Cinder, Mote, Bosk, Pyre, Ash",hive,2.24
SHRED_SAME,0.05,,"Wex, Sump, Nettle, Bosk, Ferrule",open,0.95
SHRED_SAME,0.05,,"Wex, Sump, Nettle, Bosk, Ferrule",murk,0.63
SHRED_SAME,0.05,,"Wex, Sump, Nettle, Bosk, Ferrule",hive,0.88
SHRED_SAME,0.12,,"Pyre, Ash, Corr, Rime, Maul",open,2.24
SHRED_SAME,0.12,,"Pyre, Ash, Corr, Rime, Maul",murk,1.78
SHRED_SAME,0.12,,"Pyre, Ash, Corr, Rime, Maul",hive,3.53
SHRED_SAME,0.12,,"Tarn, Vitre, Nettle, Maul, Rime",open,1.76
SHRED_SAME,0.12,,"Tarn, Vitre, Nettle, Maul, Rime",murk,1.41
SHRED_SAME,0.12,,"Tarn, Vitre, Nettle, Maul, Rime",hive,3.58
SHRED_SAME,0.12,,"Cinder, Mote, Bosk, Pyre, Ash",open,1.85
SHRED_SAME,0.12,,"Cinder, Mote, Bosk, Pyre, Ash",murk,1.55
SHRED_SAME,0.12,,"Cinder, Mote, Bosk, Pyre, Ash",hive,2.29
SHRED_SAME,0.12,,"Wex, Sump, Nettle, Bosk, Ferrule",open,0.93
SHRED_SAME,0.12,,"Wex, Sump, Nettle, Bosk, Ferrule",murk,0.56
SHRED_SAME,0.12,,"Wex, Sump, Nettle, Bosk, Ferrule",hive,0.88
SHRED_SAME,0.2,yes,"Pyre, Ash, Corr, Rime, Maul",open,2.24
SHRED_SAME,0.2,yes,"Pyre, Ash, Corr, Rime, Maul",murk,1.78
SHRED_SAME,0.2,yes,"Pyre, Ash, Corr, Rime, Maul",hive,3.53
SHRED_SAME,0.2,yes,"Tarn, Vitre, Nettle, Maul, Rime",open,1.88
SHRED_SAME,0.2,yes,"Tarn, Vitre, Nettle, Maul, Rime",murk,1.41
SHRED_SAME,0.2,yes,"Tarn, Vitre, Nettle, Maul, Rime",hive,3.58
SHRED_SAME,0.2,yes,"Cinder, Mote, Bosk, Pyre, Ash",open,1.9
SHRED_SAME,0.2,yes,"Cinder, Mote, Bosk, Pyre, Ash",murk,1.55
SHRED_SAME,0.2,yes,"Cinder, Mote, Bosk, Pyre, Ash",hive,2.29
SHRED_SAME,0.2,yes,"Wex, Sump, Nettle, Bosk, Ferrule",open,0.93
SHRED_SAME,0.2,yes,"Wex, Sump, Nettle, Bosk, Ferrule",murk,0.56
SHRED_SAME,0.2,yes,"Wex, Sump, Nettle, Bosk, Ferrule",hive,0.84
SHRED_SAME,0.35,,"Pyre, Ash, Corr, Rime, Maul",open,2.41
SHRED_SAME,0.35,,"Pyre, Ash, Corr, Rime, Maul",murk,1.9
SHRED_SAME,0.35,,"Pyre, Ash, Corr, Rime, Maul",hive,3.53
SHRED_SAME,0.35,,"Tarn, Vitre, Nettle, Maul, Rime",open,1.9
SHRED_SAME,0.35,,"Tarn, Vitre, Nettle, Maul, Rime",murk,1.41
SHRED_SAME,0.35,,"Tarn, Vitre, Nettle, Maul, Rime",hive,3.58
SHRED_SAME,0.35,,"Cinder, Mote, Bosk, Pyre, Ash",open,2.08
SHRED_SAME,0.35,,"Cinder, Mote, Bosk, Pyre, Ash",murk,1.58
SHRED_SAME,0.35,,"Cinder, Mote, Bosk, Pyre, Ash",hive,2.34
SHRED_SAME,0.35,,"Wex, Sump, Nettle, Bosk, Ferrule",open,0.93
SHRED_SAME,0.35,,"Wex, Sump, Nettle, Bosk, Ferrule",murk,0.56
SHRED_SAME,0.35,,"Wex, Sump, Nettle, Bosk, Ferrule",hive,0.77
SHRED_SAME,0.5,,"Pyre, Ash, Corr, Rime, Maul",open,2.38
SHRED_SAME,0.5,,"Pyre, Ash, Corr, Rime, Maul",murk,1.9
SHRED_SAME,0.5,,"Pyre, Ash, Corr, Rime, Maul",hive,3.53
SHRED_SAME,0.5,,"Tarn, Vitre, Nettle, Maul, Rime",open,1.94
SHRED_SAME,0.5,,"Tarn, Vitre, Nettle, Maul, Rime",murk,1.41
SHRED_SAME,0.5,,"Tarn, Vitre, Nettle, Maul, Rime",hive,3.58
SHRED_SAME,0.5,,"Cinder, Mote, Bosk, Pyre, Ash",open,2.08
SHRED_SAME,0.5,,"Cinder, Mote, Bosk, Pyre, Ash",murk,1.58
SHRED_SAME,0.5,,"Cinder, Mote, Bosk, Pyre, Ash",hive,2.34
SHRED_SAME,0.5,,"Wex, Sump, Nettle, Bosk, Ferrule",open,0.98
SHRED_SAME,0.5,,"Wex, Sump, Nettle, Bosk, Ferrule",murk,0.56
SHRED_SAME,0.5,,"Wex, Sump, Nettle, Bosk, Ferrule",hive,0.91
