team,open,murk,hive,fortress,bloom,avg,best,worst,swing,hooks,roles at 2+,deep role,elements,duplicate elements,harmonies
"Rime, Ferrule, Mote, Ash, Wex",4.48,3.19,5.91,4.8,4.13,4.502,5.91,3.19,2.72,10,Breakerx2 Tankx2,none,order growth energy decay order,1,8.7
"Pyre, Ash, Mote, Rime, Vitre",3.35,2.27,6.07,3.26,5.54,4.098,6.07,2.27,3.8,11,DoTx2 Speedx2 Breakerx3,none,chaos decay energy order void,0,0
"Ash, Fen, Sump, Rime, Ledger",3.56,2.61,5.54,3.95,3.9,3.912,5.54,2.61,2.93,10,DoTx2 Healerx2 Breakerx2,none,decay order growth order order,2,15.9
"Sump, Ash, Rime, Mire, Maul",3.35,2.57,5.42,3.74,4.11,3.838,5.42,2.57,2.85,12,DoTx2 Healerx2 Breakerx2,none,growth decay order growth decay,2,6.6
"Maul, Mire, Ash, Ferrule, Mote",3.23,2.29,5.01,3.97,4.16,3.732,5.01,2.29,2.72,11,DPSx2 Breakerx2 Tankx2,none,decay growth decay growth energy,2,9.6
"Mote, Corr, Rime, Fen, Maul",2.75,1.9,5.06,3.26,4.27,3.448,5.06,1.9,3.16,6,Breakerx3 DPSx2,none,energy void order order decay,1,7.5
"Mote, Ash, Vane, Mire, Wex",3.35,2.36,4.71,3.81,3,3.446,4.71,2.36,2.35,10,Speedx2 Healerx3 Tankx2,none,energy decay energy growth order,1,8.4
"Maul, Mote, Ash, Vitre, Nettle",2.59,1.9,5.08,3.05,3.42,3.208,5.08,1.9,3.18,10,Breakerx3 Speedx3,none,decay energy decay void energy,2,9.6
"Corr, Mire, Ash, Mote, Maul",2.57,1.9,4.23,3.44,3.35,3.098,4.23,1.9,2.33,9,DPSx2 Breakerx2,none,void growth decay energy decay,1,7
"Vane, Rime, Mire, Ballast, Ash",2.57,1.97,5.19,2.98,2.66,3.074,5.19,1.97,3.22,11,Healerx2 Tankx2,none,energy order growth growth decay,1,0.9
"Mote, Wex, Vitre, Maul, Pyre",2.38,1.74,4.13,2.98,3.65,2.976,4.13,1.74,2.39,8,Speedx2 Breakerx3,none,energy order void decay chaos,0,0
"Vane, Rime, Sump, Maul, Mote",2.45,1.62,4.32,2.75,3.67,2.962,4.32,1.62,2.7,9,Speedx2 Healerx2 Breakerx3,none,energy order growth decay energy,1,9.5
"Quill, Rime, Cinder, Mote, Vitre",2.57,1.74,4.09,2.66,3.42,2.896,4.09,1.74,2.35,9,Breakerx4 DoTx2 Speedx2,Breaker,void order chaos energy void,1,7.2
"Wex, Vitre, Halo, Rime, Maul",2.38,1.69,4.71,2.29,3.19,2.852,4.71,1.69,3.02,8,Healerx2 Breakerx3 Speedx2,none,order void energy order decay,1,12.2
"Cinder, Rime, Tarn, Quill, Ash",2.38,1.9,4.09,2.94,2.75,2.812,4.09,1.9,2.19,10,DoTx3 DPSx2 Breakerx2,none,chaos order chaos void decay,1,0.2
"Cinder, Tarn, Mote, Maul, Ash",2.45,2.01,3.4,3.28,2.82,2.792,3.4,2.01,1.39,10,DoTx2 DPSx3 Breakerx2,none,chaos chaos energy decay decay,2,5.8
"Mote, Ledger, Cinder, Ash, Halo",2.38,1.9,4.04,2.82,2.75,2.778,4.04,1.9,2.14,8,Speedx3 Breakerx2 DoTx2,none,energy order chaos decay energy,1,3
"Maul, Halo, Cinder, Ash, Mote",2.45,1.9,3.53,3.14,2.87,2.778,3.53,1.9,1.63,8,DPSx2 Breakerx2 Speedx2 DoTx2,none,decay energy chaos decay energy,2,7.9
"Wex, Ash, Sump, Tarn, Corr",2.57,1.99,3.07,3.42,2.75,2.76,3.42,1.99,1.43,10,Tankx2 Healerx2 DoTx2 DPSx2,none,order decay growth chaos void,0,0
"Vane, Ferrule, Vitre, Ash, Ballast",2.31,1.74,4.8,2.61,2.24,2.74,4.8,1.74,3.06,11,Speedx2 Tankx2,none,energy growth void decay growth,1,0.7
"Vane, Halo, Vitre, Ash, Sump",2.15,1.69,4.89,2.52,2.38,2.726,4.89,1.69,3.2,11,Speedx3 Healerx3 DoTx2,none,energy energy void decay growth,1,0
"Wex, Ash, Ferrule, Halo, Mire",2.94,1.85,3.58,3.28,1.88,2.706,3.58,1.85,1.73,10,Tankx3 Healerx3,none,order decay growth energy growth,1,2.8
"Ballast, Ash, Ferrule, Maul, Wex",2.45,1.9,2.91,3.35,2.91,2.704,3.35,1.9,1.45,9,Tankx3 DPSx2,none,growth decay growth decay order,2,10
"Vitre, Quill, Maul, Tarn, Mote",2.08,1.58,4.27,2.52,3.07,2.704,4.27,1.58,2.69,10,Breakerx4 Speedx2 DPSx2,Breaker,void void decay chaos energy,1,7.8
"Vitre, Rime, Corr, Tarn, Wex",2.34,1.62,4.13,2.41,2.98,2.696,4.13,1.62,2.51,9,Breakerx2 DPSx2 Tankx2,none,void order void chaos order,2,22.3
"Mote, Bosk, Vitre, Nettle, Ferrule",2.24,1.58,3.81,2.54,3.21,2.676,3.81,1.58,2.23,8,Speedx3 Breakerx2 DPSx2 Tankx2,none,energy decay void energy growth,1,10
"Vitre, Maul, Ballast, Ash, Halo",2.08,1.6,4.8,2.43,2.38,2.658,4.8,1.6,3.2,10,Breakerx2 Speedx2,none,void decay growth decay energy,1,7.3
"Ash, Ferrule, Bosk, Pyre, Vitre",2.15,1.62,4.36,2.38,2.75,2.652,4.36,1.62,2.74,9,DoTx2 Tankx2 DPSx2,none,decay growth decay chaos void,1,7
"Ballast, Ash, Ledger, Fen, Quill",2.38,1.85,3.95,2.68,2.38,2.648,3.95,1.85,2.1,8,DoTx2 Breakerx2,none,growth decay order order void,1,0.9
"Ferrule, Corr, Vane, Mote, Ash",2.41,1.69,3.3,2.73,2.91,2.608,3.3,1.69,1.61,8,DPSx2 Speedx2,none,growth void energy energy decay,1,4.4
"Ferrule, Wex, Mote, Maul, Ledger",2.57,1.85,2.41,3.28,2.91,2.604,3.28,1.85,1.43,7,Tankx2 DPSx2 Speedx2 Breakerx3,none,growth order energy decay order,1,3.7
"Nettle, Ferrule, Pyre, Ash, Rime",2.15,1.62,3.93,2.41,2.91,2.604,3.93,1.62,2.31,9,DoTx2,none,energy growth chaos decay order,0,0
"Wex, Cinder, Ballast, Ash, Ledger",2.41,1.9,2.73,3.35,2.45,2.568,3.35,1.9,1.45,8,Tankx2 DoTx2,none,order chaos growth decay order,1,2.1
"Halo, Ash, Vitre, Bosk, Mire",2.13,1.55,4.25,2.54,2.36,2.566,4.25,1.55,2.7,10,Healerx2 Speedx2 Tankx2,none,energy decay void decay growth,1,6.7
"Ash, Halo, Fen, Wex, Maul",2.38,1.74,2.91,3.12,2.52,2.534,3.12,1.74,1.38,7,Healerx3,none,decay energy order order decay,2,8.9
"Rime, Tarn, Maul, Wex, Pyre",2.31,1.58,2.73,3,3,2.524,3,1.58,1.42,8,Breakerx2 Tankx2 DPSx2,none,order chaos decay order chaos,2,11.7
"Corr, Ledger, Rime, Ash, Pyre",2.2,1.62,3.53,2.45,2.82,2.524,3.53,1.62,1.91,7,Breakerx2 DoTx2,none,void order order decay chaos,1,5.6
"Mote, Sump, Bosk, Rime, Tarn",2.27,1.55,3.56,2.36,2.84,2.516,3.56,1.55,2.01,10,Breakerx2 DPSx2 Tankx2,none,energy growth decay order chaos,0,0
"Mote, Ledger, Ash, Bosk, Halo",2.2,1.58,4.09,2.31,2.38,2.512,4.09,1.58,2.51,7,Speedx3 Breakerx2,none,energy order decay decay energy,2,12.9
"Rime, Ferrule, Corr, Vitre, Mire",2.15,1.41,3.97,2.13,2.75,2.482,3.97,1.41,2.56,10,Breakerx2 Tankx2 DPSx2,none,order growth void void growth,2,9.9
"Mire, Tarn, Ash, Ferrule, Ballast",2.38,1.9,2.57,3.14,2.38,2.474,3.14,1.9,1.24,13,Tankx4 DPSx2,Tank,growth chaos decay growth growth,2,4.3
"Tarn, Ballast, Mire, Ferrule, Wex",2.38,1.85,2.52,3.28,2.31,2.468,3.28,1.85,1.43,11,Tankx5 DPSx2 Healerx2,Tank,chaos growth growth growth order,2,4.5
"Ash, Wex, Mire, Nettle, Ledger",2.31,1.74,2.82,3.07,2.38,2.464,3.07,1.74,1.33,9,Tankx2 Healerx2 Speedx2,none,decay order growth energy order,1,1.9
"Vitre, Fen, Maul, Corr, Wex",2.15,1.32,3.4,2.73,2.68,2.456,3.4,1.32,2.08,6,Breakerx2 Healerx2 DPSx2,none,void order decay void order,2,12.4
"Sump, Nettle, Ash, Wex, Corr",2.38,1.78,2.7,2.98,2.43,2.454,2.98,1.78,1.2,8,DoTx2 Healerx2,none,growth energy decay order void,0,0
"Nettle, Maul, Mote, Mire, Wex",2.24,1.74,2.34,2.96,2.98,2.452,2.98,1.74,1.24,8,Speedx2 Breakerx2 Healerx2 Tankx2,none,energy decay energy growth order,1,13.9
"Ferrule, Tarn, Rime, Sump, Mote",2.27,1.58,3.4,2.11,2.89,2.45,3.4,1.58,1.82,12,Tankx2 DPSx2 Breakerx2,none,growth chaos order growth energy,1,1.5
"Vane, Rime, Vitre, Quill, Mote",2.15,1.58,3.56,1.99,2.8,2.416,3.56,1.58,1.98,9,Speedx3 Breakerx4,Breaker,energy order void void energy,2,13.9
"Corr, Mote, Rime, Wex, Ledger",2.24,1.48,3.47,2.15,2.7,2.408,3.47,1.48,1.99,6,Speedx2 Breakerx3,none,void energy order order order,2,24
"Mote, Maul, Sump, Fen, Tarn",2.38,1.69,2.08,3.05,2.73,2.386,3.05,1.69,1.36,10,Breakerx2 DPSx2 Healerx2,none,energy decay growth order chaos,0,0
"Ash, Corr, Ledger, Vitre, Pyre",1.9,1.51,3.81,2.22,2.45,2.378,3.81,1.51,2.3,8,DoTx2 Breakerx2 Speedx2,none,decay void order void chaos,1,4
"Fen, Tarn, Ash, Pyre, Mire",2.08,1.69,2.68,2.75,2.68,2.376,2.75,1.69,1.06,11,Healerx2 Tankx2 DoTx2,none,order chaos decay chaos growth,1,0.7
"Ballast, Fen, Vane, Ferrule, Ash",2.29,1.74,3,3.03,1.81,2.374,3.03,1.74,1.29,9,Tankx2 Healerx2,none,growth order energy growth decay,1,2.7
"Mote, Rime, Cinder, Tarn, Quill",1.9,1.37,3.28,2.38,2.82,2.35,3.28,1.37,1.91,9,Breakerx3 DoTx2 DPSx2,none,energy order chaos chaos void,1,0.3
"Mire, Fen, Vitre, Mote, Nettle",2.15,1.46,3.26,2.15,2.59,2.322,3.26,1.46,1.8,10,Healerx2 Breakerx2 Speedx3,none,growth order void energy energy,1,10.8
"Cinder, Ferrule, Mire, Mote, Maul",2.15,1.58,1.97,3.35,2.52,2.314,3.35,1.58,1.77,9,DPSx3 Tankx2 Breakerx2,none,chaos growth growth energy decay,1,0.6
"Vitre, Corr, Mote, Halo, Wex",2.11,1.44,3.56,1.9,2.52,2.306,3.56,1.44,2.12,7,Breakerx2 Speedx3 Healerx2,none,void void energy energy order,2,25.4
"Vane, Mote, Cinder, Nettle, Ash",2.15,1.81,2.61,2.52,2.38,2.294,2.61,1.81,0.8,8,Speedx3 DoTx2,none,energy energy chaos energy decay,2,5.6
"Ash, Corr, Wex, Nettle, Cinder",2.15,1.74,2.36,2.8,2.24,2.258,2.8,1.74,1.06,6,DoTx2 DPSx2,none,decay void order energy chaos,0,0
"Sump, Mote, Tarn, Nettle, Vitre",1.9,1.39,3.12,2.17,2.68,2.252,3.12,1.39,1.73,12,Speedx3 Breakerx2,none,growth energy chaos energy void,1,9.8
"Mote, Vitre, Quill, Ledger, Nettle",1.74,1.3,3.53,2.15,2.52,2.248,3.53,1.3,2.23,8,Speedx4 Breakerx4,Speed Breaker,energy void void order energy,2,15.2
"Ferrule, Cinder, Ballast, Corr, Ash",2.15,1.64,2.36,2.87,2.2,2.244,2.87,1.64,1.23,8,Tankx2 DPSx3 DoTx2,none,growth chaos growth void decay,1,1.6
"Mire, Ash, Fen, Halo, Ledger",2.15,1.64,2.59,2.89,1.9,2.234,2.89,1.64,1.25,9,Healerx3 Speedx2,none,growth decay order energy order,1,2.1
"Quill, Ash, Fen, Tarn, Ballast",2.15,1.78,2.41,2.73,2.08,2.23,2.73,1.78,0.95,10,DoTx2 Tankx2,none,void decay order chaos growth,0,0
"Vitre, Rime, Cinder, Fen, Ledger",1.9,1.32,3.19,2.2,2.54,2.23,3.19,1.32,1.87,8,Breakerx3 Speedx2,none,void order chaos order order,2,27.4
"Rime, Ferrule, Vitre, Vane, Mote",2.08,1.32,3.47,1.69,2.59,2.23,3.47,1.32,2.15,10,Breakerx3 Speedx3,none,order growth void energy energy,1,9.3
"Pyre, Mote, Vitre, Nettle, Wex",2.11,1.39,3.07,2.06,2.52,2.23,3.07,1.39,1.68,8,Speedx3 Breakerx2,none,chaos energy void energy order,1,11
"Ferrule, Bosk, Nettle, Ash, Fen",2.01,1.62,2.41,2.75,2.29,2.216,2.75,1.62,1.13,7,Tankx2 DPSx2,none,growth decay energy decay order,1,8
"Cinder, Mire, Rime, Halo, Maul",2.08,1.41,2.41,2.59,2.57,2.212,2.59,1.41,1.18,8,DPSx2 Healerx2 Breakerx2,none,chaos growth order energy decay,0,0
"Ledger, Fen, Rime, Vitre, Quill",2.01,1.34,3.35,1.88,2.47,2.21,3.35,1.34,2.01,8,Breakerx4 Speedx2,Breaker,order order order void void,3,31.3
"Halo, Ballast, Pyre, Mote, Ash",1.99,1.55,2.73,2.11,2.64,2.204,2.73,1.55,1.18,9,Speedx2 DoTx2,none,energy growth chaos energy decay,1,4
"Corr, Ballast, Ledger, Ash, Maul",1.88,1.55,2.7,2.57,2.08,2.156,2.7,1.55,1.15,7,DPSx2 Breakerx2,none,void growth order decay decay,1,5.6
"Ash, Ferrule, Cinder, Nettle, Tarn",2.08,1.69,2.29,2.7,2.01,2.154,2.7,1.69,1.01,10,DoTx2 Tankx2 DPSx3,none,decay growth chaos energy chaos,1,0.7
"Maul, Pyre, Ferrule, Mote, Fen",2.15,1.48,1.85,2.8,2.47,2.15,2.8,1.48,1.32,7,DPSx2 Breakerx2,none,decay chaos growth energy order,0,0
"Quill, Corr, Rime, Fen, Cinder",1.88,1.3,2.45,2.52,2.41,2.112,2.52,1.3,1.22,5,Breakerx2 DoTx2 DPSx2,none,void void order order chaos,2,15.4
"Ferrule, Bosk, Mote, Ballast, Wex",2.08,1.48,2.29,2.27,2.43,2.11,2.43,1.48,0.95,7,Tankx4 DPSx2,Tank,growth decay energy growth order,1,2.9
"Vitre, Ash, Bosk, Corr, Halo",1.69,1.32,3.56,2.04,1.85,2.092,3.56,1.32,2.24,7,Speedx2 DPSx2,none,void decay decay void energy,2,10.9
"Cinder, Ash, Bosk, Maul, Ledger",1.9,1.58,2.29,2.61,2.08,2.092,2.61,1.58,1.03,6,DoTx2 DPSx3 Breakerx2,none,chaos decay decay decay order,2,11.3
"Fen, Ledger, Rime, Corr, Cinder",1.9,1.32,2.24,2.57,2.41,2.088,2.57,1.32,1.25,5,Breakerx2 DPSx2,none,order order order void chaos,2,22.6
"Ash, Quill, Nettle, Ballast, Mire",2.08,1.69,2.27,2.45,1.92,2.082,2.45,1.69,0.76,10,DoTx2 Tankx2,none,decay void energy growth growth,1,0.7
"Sump, Ash, Cinder, Vane, Bosk",2.06,1.55,2.36,2.52,1.9,2.078,2.52,1.55,0.97,8,DoTx3 Healerx2 DPSx2,none,growth decay chaos energy decay,1,4.8
"Ash, Ballast, Mire, Maul, Bosk",1.9,1.55,2.01,2.57,2.15,2.036,2.57,1.55,1.02,9,Tankx3 DPSx2,none,decay growth growth decay decay,3,18
"Fen, Mote, Halo, Maul, Pyre",2.08,1.39,1.85,2.43,2.41,2.032,2.43,1.39,1.04,6,Healerx2 Speedx2 Breakerx2,none,order energy energy decay chaos,1,10.5
"Corr, Ash, Sump, Vane, Nettle",1.97,1.62,2.31,2.31,1.81,2.004,2.31,1.62,0.69,8,DoTx2 Healerx2 Speedx2,none,void decay growth energy energy,1,2.8
"Mote, Wex, Tarn, Ledger, Cinder",1.99,1.37,1.9,2.41,2.27,1.988,2.41,1.37,1.04,8,Speedx2 Breakerx2 Tankx2 DPSx2,none,energy order chaos order chaos,2,5.7
"Halo, Mire, Maul, Ash, Corr",1.85,1.41,2.15,2.45,2.08,1.988,2.45,1.41,1.04,8,Healerx2 DPSx2,none,energy growth decay decay void,1,6.1
"Ferrule, Vitre, Pyre, Maul, Ballast",1.62,1.23,2.43,2.34,2.15,1.954,2.43,1.23,1.2,9,Tankx2 DPSx2 Breakerx2,none,growth void chaos decay growth,1,1.6
"Mote, Vane, Ferrule, Corr, Maul",1.88,1.3,1.71,2.66,2.15,1.94,2.66,1.3,1.36,6,Speedx2 Breakerx2 DPSx3,none,energy energy growth void decay,1,7.3
"Quill, Nettle, Vitre, Mote, Tarn",1.58,1.23,2.7,1.94,2.24,1.938,2.7,1.23,1.47,10,Breakerx3 Speedx3,none,void energy void energy chaos,2,17.9
"Ash, Vane, Fen, Ledger, Corr",1.85,1.37,2.04,2.5,1.9,1.932,2.5,1.37,1.13,6,Speedx2 Healerx2,none,decay energy order order void,1,2.5
"Bosk, Maul, Tarn, Ballast, Rime",1.74,1.25,2.04,2.24,2.38,1.93,2.38,1.25,1.13,8,DPSx3 Tankx3 Breakerx2,none,decay decay chaos growth order,1,4.3
"Pyre, Ash, Ballast, Nettle, Mire",1.71,1.39,2.08,2.15,2.24,1.914,2.24,1.39,0.85,10,DoTx2 Tankx2,none,chaos decay growth energy growth,1,1.3
"Quill, Ledger, Maul, Ferrule, Vitre",1.58,1.23,2.59,2.08,2.08,1.912,2.59,1.23,1.36,8,Breakerx4 Speedx2 DPSx2,Breaker,void order decay growth void,1,8.4
"Ballast, Tarn, Sump, Rime, Vitre",1.71,1.16,2.7,1.74,2.17,1.896,2.7,1.16,1.54,13,Tankx2 Breakerx2,none,growth chaos growth order void,1,1.4
"Rime, Quill, Vitre, Fen, Wex",1.74,1.16,2.91,1.48,2.11,1.88,2.91,1.16,1.75,8,Breakerx3 Healerx2,none,order void void order order,3,37.4
"Fen, Vitre, Rime, Quill, Ballast",1.71,1.18,2.89,1.55,2.06,1.878,2.89,1.18,1.71,9,Breakerx3,none,order void order void growth,2,22.6
"Corr, Wex, Mote, Cinder, Ballast",1.88,1.21,1.74,2.41,2.15,1.878,2.41,1.21,1.2,6,DPSx2 Tankx2,none,void order energy chaos growth,0,0
"Mire, Vitre, Ledger, Bosk, Maul",1.62,1.23,2.22,2.24,2.01,1.864,2.24,1.23,1.01,8,Tankx2 Breakerx3 Speedx2 DPSx2,none,growth void order decay decay,1,5.6
"Nettle, Mire, Maul, Vitre, Tarn",1.55,1.16,2.24,2.2,2.08,1.846,2.24,1.16,1.08,11,Speedx2 Tankx2 DPSx2 Breakerx2,none,energy growth decay void chaos,0,0
"Tarn, Maul, Mote, Halo, Sump",1.74,1.28,1.58,2.52,2.08,1.84,2.52,1.28,1.24,10,DPSx2 Breakerx2 Speedx2 Healerx2,none,chaos decay energy energy growth,1,7.9
"Ballast, Rime, Fen, Vane, Mote",1.74,1.18,2.68,1.48,2.11,1.838,2.68,1.18,1.5,8,Breakerx2 Healerx2 Speedx2,none,growth order order energy energy,2,23.4
"Mote, Vane, Rime, Ballast, Ferrule",1.74,1.11,2.61,1.53,2.17,1.832,2.61,1.11,1.5,9,Speedx2 Breakerx2 Tankx2,none,energy energy order growth growth,2,13.3
"Maul, Rime, Halo, Sump, Quill",1.76,1,2.06,2.06,2.27,1.83,2.27,1,1.27,8,Breakerx3 Healerx2 DoTx2,none,decay order energy growth void,0,0
"Vitre, Ledger, Rime, Sump, Vane",1.64,1.07,2.8,1.51,2.08,1.82,2.8,1.07,1.73,10,Breakerx3 Speedx3 Healerx2,none,void order order growth energy,1,14.2
"Quill, Cinder, Rime, Mire, Ferrule",1.64,1.05,2.22,2.15,2.01,1.814,2.22,1.05,1.17,9,Breakerx2 DoTx2 DPSx2 Tankx2,none,void chaos order growth growth,1,1.1
"Maul, Ferrule, Cinder, Wex, Quill",1.64,0.91,1.74,2.52,2.22,1.806,2.52,0.91,1.61,6,DPSx3 Breakerx2 Tankx2 DoTx2,none,decay growth chaos order void,0,0
"Sump, Vitre, Halo, Ballast, Mote",1.69,1.14,2.54,1.6,2.06,1.806,2.54,1.14,1.4,11,Healerx2 Breakerx2 Speedx3,none,growth void energy growth energy,2,12.5
"Ledger, Cinder, Ferrule, Ballast, Mote",1.74,1.23,1.58,2.38,2.08,1.802,2.38,1.23,1.15,8,Breakerx2 Speedx2 DPSx2 Tankx2,none,order chaos growth growth energy,1,1.3
"Bosk, Corr, Ledger, Vitre, Ferrule",1.58,1.07,2.31,2.08,1.92,1.792,2.31,1.07,1.24,6,DPSx3 Tankx2 Breakerx2 Speedx2,none,decay void order void growth,1,10.3
"Maul, Cinder, Wex, Bosk, Corr",1.71,0.98,1.58,2.5,2.15,1.784,2.5,0.98,1.52,3,DPSx4 Tankx2,DPS,decay chaos order decay void,1,8
"Quill, Mire, Vitre, Ballast, Maul",1.55,1.07,2.24,1.97,2.08,1.782,2.24,1.07,1.17,10,Breakerx3 Tankx2,none,void growth void growth decay,2,12.7
"Halo, Cinder, Vitre, Nettle, Rime",1.39,1.02,2.87,1.71,1.92,1.782,2.87,1.02,1.85,8,Speedx3 Breakerx2,none,energy chaos void energy order,1,0.9
"Cinder, Bosk, Ledger, Mote, Maul",1.74,1.32,1.48,2.41,1.9,1.77,2.41,1.32,1.09,5,DPSx3 Breakerx3 Speedx2,none,chaos decay order energy decay,1,4.1
"Sump, Maul, Pyre, Vitre, Cinder",1.41,1.09,2.15,2.2,1.92,1.754,2.2,1.09,1.11,9,DoTx3 DPSx2 Breakerx2,none,growth decay chaos void chaos,1,4.9
"Vitre, Fen, Vane, Pyre, Mote",1.67,1.14,2.54,1.46,1.92,1.746,2.54,1.14,1.4,8,Breakerx2 Speedx3 Healerx2,none,void order energy chaos energy,1,9.8
"Pyre, Halo, Ferrule, Maul, Ash",1.58,1.23,1.9,1.9,2.08,1.738,2.08,1.23,0.85,8,DoTx2 DPSx2,none,chaos energy growth decay decay,1,5
"Quill, Tarn, Bosk, Rime, Mire",1.58,1.07,2.13,1.92,1.99,1.738,2.13,1.07,1.06,9,Breakerx2 Tankx3 DPSx2,none,void chaos decay order growth,0,0
"Pyre, Vitre, Mote, Ledger, Bosk",1.44,1.07,2.29,1.76,2.08,1.728,2.29,1.07,1.22,7,Breakerx3 Speedx3,none,chaos void energy order decay,0,0
"Nettle, Mire, Bosk, Ferrule, Wex",1.69,1.14,1.78,2.27,1.62,1.7,2.27,1.14,1.13,7,Healerx2 Tankx4 DPSx2,Tank,energy growth decay growth order,1,2.2
"Rime, Pyre, Tarn, Vane, Maul",1.53,1.16,1.74,1.9,2.08,1.682,2.08,1.16,0.92,8,Breakerx2 DPSx2,none,order chaos chaos energy decay,1,1.6
"Mote, Wex, Corr, Ferrule, Tarn",1.64,1.05,1.78,1.88,1.99,1.668,1.99,1.05,0.94,8,Tankx3 DPSx3,none,energy order void growth chaos,0,0
"Maul, Corr, Vitre, Quill, Nettle",1.41,1.07,1.9,2.01,1.9,1.658,2.01,1.07,0.94,6,DPSx2 Breakerx3 Speedx2,none,decay void void void energy,2,17
"Cinder, Mote, Wex, Sump, Quill",1.58,0.95,1.55,2.34,1.85,1.654,2.34,0.95,1.39,8,DoTx3 Breakerx2 Healerx2,none,chaos energy order growth void,0,0
"Tarn, Ash, Ledger, Ballast, Vane",1.69,1.34,1.85,1.94,1.44,1.652,1.94,1.34,0.6,10,Tankx2 Speedx2,none,chaos decay order growth energy,0,0
"Ledger, Nettle, Vitre, Fen, Cinder",1.34,1.05,2.08,1.97,1.74,1.636,2.08,1.05,1.03,7,Breakerx2 Speedx3,none,order energy void order chaos,1,2.8
"Rime, Pyre, Maul, Quill, Nettle",1.46,1.07,1.69,1.94,1.97,1.626,1.97,1.07,0.9,6,Breakerx3 DoTx2,none,order chaos decay void energy,0,0
"Maul, Ledger, Halo, Cinder, Mote",1.58,1.23,1.3,2.22,1.76,1.618,2.22,1.23,0.99,6,DPSx2 Breakerx3 Speedx3,none,decay order energy chaos energy,1,5
"Mote, Cinder, Mire, Vane, Corr",1.55,1.09,1.39,2.17,1.85,1.61,2.17,1.09,1.08,7,Speedx2 DPSx2 Healerx2,none,energy chaos growth energy void,1,7.9
"Cinder, Sump, Wex, Mote, Ballast",1.55,0.98,1.53,2.2,1.78,1.608,2.2,0.98,1.22,9,DoTx2 Healerx2 Tankx2,none,chaos growth order energy growth,1,4
"Nettle, Bosk, Maul, Pyre, Vitre",1.32,1.07,1.9,1.92,1.81,1.604,1.92,1.07,0.85,6,Speedx2 DPSx2 Breakerx2,none,energy decay decay chaos void,1,4.9
"Nettle, Ledger, Mote, Pyre, Fen",1.58,1.14,1.41,1.99,1.9,1.604,1.99,1.14,0.85,6,Speedx3 Breakerx2,none,energy order energy chaos order,2,16.3
"Fen, Nettle, Mire, Quill, Vitre",1.46,0.93,2.31,1.55,1.76,1.602,2.31,0.93,1.38,9,Healerx2 Speedx2 Breakerx2,none,order energy growth void void,1,13.3
"Sump, Cinder, Nettle, Ferrule, Rime",1.48,1,1.58,2.13,1.78,1.594,2.13,1,1.13,9,DoTx2 DPSx2,none,growth chaos energy growth order,1,0.3
"Fen, Ferrule, Corr, Rime, Wex",1.44,0.93,2.04,1.58,1.97,1.592,2.04,0.93,1.11,6,Healerx2 Tankx2 DPSx2,none,order growth void order order,2,20.7
"Sump, Wex, Maul, Ferrule, Quill",1.39,0.7,1.78,2.15,1.88,1.58,2.15,0.7,1.45,8,DoTx2 Healerx2 Tankx2 DPSx2 Breakerx2,none,growth order decay growth void,1,3.3
"Corr, Ferrule, Bosk, Rime, Ballast",1.48,1.07,1.71,1.69,1.92,1.574,1.92,1.07,0.85,6,DPSx3 Tankx3,none,void growth decay order growth,1,1.5
"Quill, Corr, Pyre, Vitre, Mire",1.32,1.02,2.08,1.76,1.69,1.574,2.08,1.02,1.06,8,Breakerx2 DoTx2,none,void void chaos void growth,2,27.1
"Nettle, Rime, Ledger, Sump, Vane",1.46,0.88,2.08,1.48,1.92,1.564,2.08,0.88,1.2,8,Speedx3 Breakerx2 Healerx2,none,energy order order growth energy,2,15.8
"Pyre, Cinder, Rime, Sump, Mire",1.39,0.95,1.64,2.08,1.69,1.55,2.08,0.95,1.13,10,DoTx3 Healerx2,none,chaos chaos order growth growth,2,5.9
"Vitre, Ballast, Ledger, Cinder, Wex",1.39,0.91,1.99,1.76,1.58,1.526,1.99,0.91,1.08,8,Breakerx2 Speedx2 Tankx2,none,void growth order chaos order,1,3.1
"Nettle, Cinder, Pyre, Vitre, Wex",1.28,0.88,1.74,1.92,1.62,1.488,1.92,0.88,1.04,7,Speedx2 DoTx2,none,energy chaos chaos void order,1,5.4
"Vitre, Ledger, Nettle, Mire, Bosk",1.25,0.95,1.9,1.69,1.62,1.482,1.9,0.95,0.95,8,Breakerx2 Speedx3 Tankx2,none,void order energy growth decay,0,0
"Pyre, Corr, Mire, Maul, Fen",1.32,0.58,1.58,2.11,1.81,1.48,2.11,0.58,1.53,6,DPSx2 Healerx2,none,chaos void growth decay order,0,0
"Maul, Ballast, Cinder, Ledger, Fen",1.32,0.88,1.07,2.27,1.74,1.456,2.27,0.88,1.39,6,DPSx2 Breakerx2,none,decay growth chaos order order,1,2.1
"Sump, Tarn, Rime, Pyre, Ferrule",1.39,0.98,1.58,1.55,1.69,1.438,1.69,0.98,0.71,11,DoTx2 Tankx2 DPSx2,none,growth chaos order chaos growth,2,5.4
"Ballast, Vane, Mote, Tarn, Mire",1.32,0.91,1.41,1.83,1.6,1.414,1.83,0.91,0.92,11,Tankx3 Speedx2 Healerx2,none,growth energy energy chaos growth,2,10.6
"Mire, Tarn, Corr, Vane, Sump",1.28,1,1.44,1.88,1.44,1.408,1.88,1,0.88,10,Healerx3 Tankx2 DPSx2,none,growth chaos void energy growth,1,1.2
"Cinder, Ferrule, Rime, Vane, Ballast",1.34,0.84,1.58,1.58,1.67,1.402,1.67,0.84,0.83,8,DPSx2 Tankx2,none,chaos growth order energy growth,1,2.8
"Mote, Quill, Nettle, Cinder, Halo",1.28,0.98,1.16,1.85,1.58,1.37,1.85,0.98,0.87,6,Speedx3 Breakerx2 DoTx2,none,energy void energy chaos energy,2,21.6
"Nettle, Bosk, Rime, Pyre, Corr",1.23,1.02,1.28,1.69,1.6,1.364,1.69,1.02,0.67,4,DPSx2,none,energy decay order chaos void,0,0
"Pyre, Quill, Ledger, Rime, Tarn",1.21,0.93,1.53,1.55,1.58,1.36,1.58,0.93,0.65,8,DoTx2 Breakerx3,none,chaos void order order chaos,2,10.7
"Sump, Halo, Rime, Wex, Cinder",1.23,0.77,1.41,1.9,1.44,1.35,1.9,0.77,1.13,8,DoTx2 Healerx3,none,growth energy order order chaos,1,10
"Ballast, Vane, Ledger, Rime, Tarn",1.23,0.86,1.58,1.37,1.64,1.336,1.64,0.86,0.78,9,Tankx2 Speedx2 Breakerx2,none,growth energy order order chaos,1,12.9
"Vane, Corr, Ferrule, Rime, Tarn",1.25,0.86,1.55,1.34,1.58,1.316,1.58,0.86,0.72,8,DPSx3 Tankx2,none,energy void growth order chaos,0,0
"Tarn, Cinder, Vane, Rime, Ballast",1.16,0.93,1.23,1.67,1.55,1.308,1.67,0.93,0.74,9,Tankx2 DPSx2,none,chaos chaos energy order growth,1,1.7
"Corr, Fen, Pyre, Tarn, Cinder",1.16,0.93,1.07,1.99,1.37,1.304,1.99,0.93,1.06,6,DPSx3 DoTx2,none,void order chaos chaos chaos,2,5.8
"Rime, Sump, Mire, Corr, Halo",1.21,0.79,1.55,1.39,1.53,1.294,1.55,0.79,0.76,9,Healerx3,none,order growth growth void energy,1,2.3
"Mote, Pyre, Vane, Mire, Corr",1.3,0.84,1.23,1.55,1.55,1.294,1.55,0.84,0.71,7,Speedx2 Healerx2,none,energy chaos energy growth void,1,9.5
"Pyre, Vitre, Wex, Nettle, Ballast",1.16,0.79,1.74,1.32,1.41,1.284,1.74,0.79,0.95,8,Speedx2 Tankx2,none,chaos void order energy growth,0,0
"Maul, Quill, Ledger, Ferrule, Mire",1.14,0.56,1.23,1.88,1.55,1.272,1.88,0.56,1.32,8,DPSx2 Breakerx3 Tankx2,none,decay void order growth growth,1,1.4
"Vane, Vitre, Ledger, Sump, Nettle",1.07,0.77,1.85,1.3,1.34,1.266,1.85,0.77,1.08,9,Speedx4 Healerx2 Breakerx2,Speed,energy void order growth energy,1,1.6
"Vitre, Vane, Ferrule, Nettle, Corr",1.09,0.81,1.58,1.39,1.46,1.266,1.58,0.81,0.77,7,Speedx3 DPSx2,none,void energy growth energy void,2,12.3
"Vitre, Ferrule, Cinder, Vane, Nettle",1.09,0.79,1.44,1.6,1.39,1.262,1.6,0.79,0.81,8,Speedx3 DPSx2,none,void growth chaos energy energy,1,2.2
"Ferrule, Ballast, Vitre, Sump, Ledger",1.09,0.75,1.71,1.37,1.37,1.258,1.71,0.75,0.96,11,Tankx2 Breakerx2 Speedx2,none,growth growth void growth order,2,5.8
"Tarn, Quill, Cinder, Nettle, Fen",1.16,0.91,1.05,1.92,1.21,1.25,1.92,0.91,1.01,7,DPSx2 DoTx2,none,chaos void chaos energy order,1,1.4
"Wex, Corr, Cinder, Pyre, Fen",1.23,0.65,1.18,1.94,1.25,1.25,1.94,0.65,1.29,4,Healerx2 DPSx2 DoTx2,none,order void chaos chaos order,2,7.1
"Vitre, Vane, Ballast, Mire, Corr",1.11,0.77,1.71,1.23,1.41,1.246,1.71,0.77,0.94,9,Speedx2 Healerx2 Tankx2,none,void energy growth growth void,2,14
"Vane, Tarn, Cinder, Mire, Nettle",1.02,0.91,1.05,1.92,1.25,1.23,1.92,0.91,1.01,9,Speedx2 Healerx2 Tankx2 DPSx2,none,energy chaos chaos growth energy,2,2.8
"Ledger, Corr, Ferrule, Quill, Nettle",1.16,0.86,1.02,1.76,1.34,1.228,1.76,0.86,0.9,5,Breakerx2 Speedx2 DPSx2,none,order void growth void energy,1,8.5
"Maul, Ballast, Mire, Tarn, Halo",1.07,0.86,1.16,1.76,1.28,1.226,1.76,0.86,0.9,10,DPSx2 Tankx3 Healerx2,none,decay growth growth chaos energy,1,2.3
"Halo, Ballast, Cinder, Rime, Fen",1.14,0.72,1.44,1.44,1.37,1.222,1.44,0.72,0.72,7,Healerx2,none,energy growth chaos order order,1,10
"Bosk, Quill, Vitre, Tarn, Halo",1.05,0.79,1.58,1.34,1.32,1.216,1.58,0.79,0.79,8,DPSx2 Tankx2 Breakerx2 Speedx2,none,decay void void chaos energy,1,9
"Pyre, Vitre, Cinder, Vane, Mire",1.11,0.72,1.44,1.55,1.25,1.214,1.55,0.72,0.83,9,DoTx2 Speedx2 Healerx2,none,chaos void chaos energy growth,1,6.3
"Vane, Tarn, Maul, Ledger, Sump",1.07,0.77,1.02,1.85,1.34,1.21,1.85,0.77,1.08,9,Speedx2 Healerx2 DPSx2 Breakerx2,none,energy chaos decay order growth,0,0
"Tarn, Vane, Sump, Rime, Ferrule",1.09,0.81,1.58,1.09,1.39,1.192,1.58,0.81,0.77,11,Tankx2 DPSx2 Healerx2,none,chaos energy growth order growth,1,1.9
"Corr, Bosk, Tarn, Vane, Fen",1.16,0.86,1.16,1.62,1.16,1.192,1.62,0.86,0.76,5,DPSx3 Tankx2 Healerx2,none,void decay chaos energy order,0,0
"Mote, Sump, Vane, Ballast, Bosk",1.21,0.75,1.23,1.37,1.39,1.19,1.39,0.75,0.64,8,Speedx2 Healerx2 Tankx2,none,energy growth energy growth decay,2,12.6
"Tarn, Pyre, Bosk, Ferrule, Cinder",1.14,0.63,1.02,1.85,1.23,1.174,1.85,0.63,1.22,7,Tankx3 DPSx4 DoTx2,DPS,chaos chaos decay growth chaos,2,8.3
"Quill, Vitre, Vane, Ferrule, Nettle",1.05,0.72,1.74,1.02,1.28,1.162,1.74,0.72,1.02,8,Breakerx2 Speedx3,none,void void energy growth energy,2,14.8
"Sump, Vitre, Ferrule, Pyre, Nettle",1,0.7,1.48,1.37,1.23,1.156,1.48,0.7,0.78,10,DoTx2 Speedx2,none,growth void growth chaos energy,1,2
"Rime, Corr, Wex, Vane, Pyre",1.07,0.7,1.51,1.11,1.39,1.156,1.51,0.7,0.81,5,Healerx2,none,order void order energy chaos,1,10.1
"Rime, Mire, Fen, Wex, Ferrule",1.07,0.7,1.48,1.09,1.41,1.15,1.48,0.7,0.78,9,Healerx3 Tankx3,none,order growth order order growth,3,25.2
"Cinder, Nettle, Wex, Ferrule, Ledger",1.14,0.63,0.84,1.92,1.14,1.134,1.92,0.63,1.29,6,DPSx2 Speedx2 Tankx2,none,chaos energy order growth order,1,3
"Wex, Ledger, Ferrule, Sump, Cinder",1.09,0.58,0.79,2.17,0.98,1.122,2.17,0.58,1.59,8,Tankx2 Healerx2 DPSx2 DoTx2,none,order order growth growth chaos,2,5.6
"Wex, Pyre, Bosk, Cinder, Fen",1.05,0.58,1.05,1.78,1.09,1.11,1.78,0.58,1.2,4,Tankx2 Healerx2 DoTx2 DPSx2,none,order chaos decay chaos order,2,7.3
"Tarn, Ledger, Pyre, Mire, Bosk",0.98,0.75,1.02,1.6,1.16,1.102,1.6,0.75,0.85,8,Tankx3 DPSx2,none,chaos order chaos growth decay,1,0.9
"Sump, Tarn, Nettle, Corr, Vane",0.98,0.75,0.91,1.69,1.16,1.098,1.69,0.75,0.94,8,Healerx2 DPSx2 Speedx2,none,growth chaos energy void energy,1,1
"Corr, Tarn, Sump, Halo, Maul",0.98,0.72,1.07,1.62,1.09,1.096,1.62,0.72,0.9,8,DPSx3 Healerx2,none,void chaos growth energy decay,0,0
"Corr, Vane, Sump, Bosk, Tarn",0.93,0.75,1.07,1.51,1.21,1.094,1.51,0.75,0.76,7,DPSx3 Healerx2 Tankx2,none,void energy growth decay chaos,0,0
"Ledger, Quill, Rime, Halo, Vane",0.93,0.7,1.41,1,1.39,1.086,1.41,0.7,0.71,6,Breakerx3 Speedx3 Healerx2,none,order void order energy energy,2,12.2
"Sump, Maul, Pyre, Mire, Nettle",0.91,0.56,0.81,1.85,1.23,1.072,1.85,0.56,1.29,9,DoTx2 Healerx2,none,growth decay chaos growth energy,1,1.8
"Cinder, Vane, Sump, Maul, Wex",1.02,0.56,0.84,2.08,0.79,1.058,2.08,0.56,1.52,7,DoTx2 DPSx2 Healerx3,none,chaos energy growth decay order,0,0
"Sump, Mote, Pyre, Vane, Halo",1.05,0.63,1.16,1.18,1.23,1.05,1.23,0.63,0.6,8,DoTx2 Healerx3 Speedx3,none,growth energy chaos energy energy,2,22.2
"Bosk, Vane, Tarn, Ledger, Sump",0.93,0.75,0.98,1.48,1.09,1.046,1.48,0.75,0.73,8,DPSx2 Tankx2 Speedx2 Healerx2,none,decay energy chaos order growth,0,0
"Bosk, Maul, Tarn, Corr, Pyre",0.91,0.75,0.91,1.48,1.16,1.042,1.48,0.75,0.73,5,DPSx4 Tankx2,DPS,decay decay chaos void chaos,2,7.4
"Rime, Sump, Wex, Ferrule, Vane",0.98,0.61,1.32,1,1.28,1.038,1.32,0.61,0.71,9,Healerx3 Tankx2,none,order growth order growth energy,2,13
"Vane, Mire, Corr, Cinder, Ballast",0.93,0.65,0.84,1.85,0.91,1.036,1.85,0.65,1.2,7,Healerx2 Tankx2 DPSx2,none,energy growth void chaos growth,1,1.7
"Tarn, Cinder, Ferrule, Mire, Pyre",1,0.54,0.58,1.99,0.88,0.998,1.99,0.54,1.45,10,Tankx3 DPSx3 DoTx2,none,chaos chaos growth growth chaos,3,15
"Corr, Cinder, Ledger, Quill, Vane",0.91,0.7,0.75,1.58,1.05,0.998,1.58,0.7,0.88,4,DPSx2 DoTx2 Breakerx2 Speedx2,none,void chaos order void energy,1,7.8
"Fen, Tarn, Ferrule, Nettle, Cinder",0.88,0.68,0.72,1.88,0.79,0.99,1.88,0.68,1.2,8,Tankx2 DPSx3,none,order chaos growth energy chaos,1,4.7
"Ferrule, Fen, Corr, Sump, Bosk",1,0.52,1.09,1.25,0.98,0.968,1.25,0.52,0.73,6,Tankx2 DPSx3 Healerx2,none,growth order void growth decay,1,1.7
"Vane, Ferrule, Ballast, Sump, Rime",0.88,0.58,1.16,1,1.14,0.952,1.16,0.58,0.58,10,Healerx2 Tankx2,none,energy growth growth growth order,2,6
"Rime, Vane, Fen, Wex, Ballast",0.86,0.56,1.32,0.81,1.18,0.946,1.32,0.56,0.76,7,Healerx3 Tankx2,none,order energy order order growth,2,23.6
"Ferrule, Ledger, Pyre, Tarn, Quill",0.88,0.47,1.07,1.28,1,0.94,1.28,0.47,0.81,8,Tankx2 DPSx2 Breakerx2 DoTx2,none,growth order chaos chaos void,1,5.7
"Sump, Nettle, Cinder, Mire, Vane",0.86,0.56,0.63,1.81,0.84,0.94,1.81,0.56,1.25,9,DoTx2 Healerx3 Speedx2,none,growth energy chaos growth energy,2,2.9
"Fen, Wex, Maul, Corr, Vane",0.7,0.4,1.44,1.28,0.77,0.918,1.44,0.4,1.04,4,Healerx3 DPSx2,none,order order decay void energy,1,0.9
"Vane, Ledger, Cinder, Ferrule, Quill",0.86,0.56,0.79,1.51,0.84,0.912,1.51,0.56,0.95,6,Speedx2 Breakerx2 DoTx2 DPSx2,none,energy order chaos growth void,0,0
"Halo, Cinder, Ballast, Ledger, Tarn",0.77,0.58,0.72,1.46,0.84,0.874,1.46,0.58,0.88,8,Speedx2 DPSx2 Tankx2,none,energy chaos growth order chaos,1,0.8
"Ferrule, Bosk, Halo, Corr, Ballast",0.88,0.4,1.09,1.07,0.86,0.86,1.09,0.4,0.69,5,Tankx3 DPSx3,none,growth decay energy void growth,1,1.9
"Bosk, Ledger, Mire, Pyre, Ferrule",0.77,0.49,0.77,1.3,0.81,0.828,1.3,0.49,0.81,7,DPSx2 Tankx3,none,decay order growth chaos growth,1,2.2
"Fen, Nettle, Quill, Ferrule, Bosk",0.79,0.45,0.86,1.18,0.84,0.824,1.18,0.45,0.73,5,Tankx2 DPSx2,none,order energy void growth decay,0,0
"Fen, Quill, Cinder, Mire, Ballast",0.79,0.49,0.63,1.48,0.7,0.818,1.48,0.49,0.99,8,Healerx2 DoTx2 Tankx2,none,order void chaos growth growth,1,3
"Nettle, Quill, Cinder, Sump, Halo",0.68,0.52,0.58,1.51,0.72,0.802,1.51,0.52,0.99,7,Speedx2 DoTx3 Healerx2,none,energy void chaos growth energy,1,1.2
"Wex, Ledger, Ferrule, Halo, Cinder",0.77,0.47,0.56,1.41,0.72,0.786,1.41,0.47,0.94,6,Tankx2 Healerx2 Speedx2 DPSx2,none,order order growth energy chaos,1,2.7
"Cinder, Ledger, Ferrule, Vane, Wex",0.75,0.45,0.54,1.39,0.7,0.766,1.39,0.45,0.94,6,DPSx2 Speedx2 Tankx2 Healerx2,none,chaos order growth energy order,1,2.7
"Cinder, Pyre, Wex, Vane, Sump",0.72,0.4,0.49,1.58,0.63,0.764,1.58,0.4,1.18,7,DoTx3 Healerx3,none,chaos chaos order energy growth,1,1.9
"Bosk, Ballast, Fen, Mire, Ledger",0.7,0.47,0.77,1,0.7,0.728,1,0.47,0.53,7,Tankx3 Healerx2,none,decay growth order growth order,2,4.5
"Quill, Corr, Sump, Fen, Wex",0.7,0.4,0.61,1.11,0.7,0.704,1.11,0.4,0.71,6,DoTx2 Healerx3,none,void void growth order order,2,7.5
"Bosk, Maul, Vane, Tarn, Halo",0.65,0.49,0.75,0.93,0.65,0.694,0.93,0.49,0.44,6,DPSx3 Tankx2 Speedx2 Healerx2,none,decay decay energy chaos energy,2,9.4
"Mire, Cinder, Vane, Ferrule, Tarn",0.63,0.4,0.4,1.37,0.61,0.682,1.37,0.4,0.97,10,Healerx2 Tankx3 DPSx3,none,growth chaos energy growth chaos,2,4.5
"Quill, Sump, Ferrule, Mire, Ballast",0.7,0.4,0.54,1.07,0.58,0.658,1.07,0.4,0.67,11,DoTx2 Healerx2 Tankx3,none,void growth growth growth growth,3,7.2
"Ferrule, Fen, Pyre, Corr, Tarn",0.63,0.4,0.47,1.14,0.63,0.654,1.14,0.4,0.74,7,Tankx2 DPSx3,none,growth order chaos void chaos,1,1.5
"Quill, Halo, Bosk, Wex, Ledger",0.56,0.4,0.72,0.86,0.65,0.638,0.86,0.4,0.46,4,Breakerx2 Healerx2 Speedx2 Tankx2,none,void energy decay order order,1,3.6
"Quill, Ballast, Corr, Wex, Fen",0.61,0.4,0.61,0.95,0.61,0.636,0.95,0.4,0.55,5,Tankx2 Healerx2,none,void growth void order order,2,9
"Vane, Nettle, Tarn, Ferrule, Sump",0.61,0.4,0.47,1.02,0.63,0.626,1.02,0.4,0.62,10,Speedx2 Healerx2 Tankx2 DPSx2,none,energy energy chaos growth growth,2,3.5
"Halo, Nettle, Ferrule, Tarn, Sump",0.58,0.4,0.49,0.98,0.61,0.612,0.98,0.4,0.58,10,Healerx2 Speedx2 Tankx2 DPSx2,none,energy energy growth chaos growth,2,3.4
"Wex, Fen, Mire, Pyre, Bosk",0.54,0.4,0.63,0.91,0.54,0.604,0.91,0.4,0.51,6,Tankx3 Healerx3,none,order order growth chaos decay,1,1.1
"Fen, Bosk, Sump, Ledger, Halo",0.58,0.4,0.61,0.86,0.56,0.602,0.86,0.4,0.46,6,Healerx3 Speedx2,none,order decay growth order energy,1,1.4
"Nettle, Mire, Halo, Bosk, Wex",0.56,0.4,0.54,0.93,0.58,0.602,0.93,0.4,0.53,6,Speedx2 Healerx3 Tankx3,none,energy growth energy decay order,1,1.2
"Ledger, Halo, Ballast, Sump, Mire",0.61,0.42,0.47,0.93,0.58,0.602,0.93,0.42,0.51,10,Speedx2 Healerx3 Tankx2,none,order energy growth growth growth,2,7
"Ferrule, Quill, Cinder, Fen, Vane",0.45,0.4,0.4,1.16,0.45,0.572,1.16,0.4,0.76,6,DPSx2 DoTx2 Healerx2,none,growth void chaos order energy,0,0
"Nettle, Ferrule, Wex, Sump, Vane",0.56,0.4,0.47,0.86,0.56,0.57,0.86,0.4,0.46,8,Speedx2 Tankx2 Healerx3,none,energy growth order growth energy,2,3.1
"Sump, Mire, Quill, Fen, Vane",0.47,0.4,0.47,0.88,0.47,0.538,0.88,0.4,0.48,9,DoTx2 Healerx4,Healer,growth growth void order energy,1,1.9
"Halo, Nettle, Ballast, Vane, Bosk",0.47,0.4,0.4,0.72,0.52,0.502,0.72,0.4,0.32,5,Healerx2 Speedx3 Tankx2,none,energy energy growth energy decay,2,4.8
"Vane, Sump, Ledger, Bosk, Halo",0.47,0.4,0.47,0.72,0.42,0.496,0.72,0.4,0.32,6,Speedx3 Healerx3,none,energy growth order decay energy,1,0
"Ferrule, Pyre, Tarn, Wex, Vane",0.42,0.4,0.4,0.79,0.42,0.486,0.79,0.4,0.39,8,Tankx3 DPSx2 Healerx2,none,growth chaos chaos order energy,1,2.4
"Ferrule, Pyre, Fen, Bosk, Vane",0.4,0.4,0.4,0.75,0.45,0.48,0.75,0.4,0.35,5,Tankx2 DPSx2 Healerx2,none,growth chaos order decay energy,0,0
"Halo, Vane, Sump, Bosk, Ferrule",0.4,0.4,0.4,0.68,0.4,0.456,0.68,0.4,0.28,7,Healerx3 Speedx2 DPSx2 Tankx2,none,energy energy growth decay growth,2,2.2
"Fen, Ledger, Vane, Halo, Pyre",0.4,0.4,0.4,0.54,0.4,0.428,0.54,0.4,0.14,5,Healerx3 Speedx3,none,order order energy energy chaos,2,2.6
"Vane, Wex, Ballast, Mire, Halo",0.4,0.4,0.4,0.54,0.4,0.428,0.54,0.4,0.14,8,Speedx2 Healerx4 Tankx3,Healer,energy order growth growth energy,2,2.4
